Column,Sample_name,Year,Month,Day,Hour (non-dawn adjusted),Sampling time (CT/ZT),Time (24hr modulus),Study Accession,Authors,Photoperiod,Platform,Light duration (hrs),Air temperature (C),Wind-speed (m/s),Precipitation (mm),Infection TuMV (rpm)
0,SE2013_001,2013,3,19,16,10.133333333333333,10.133333333333333,DRA005871 / DRA005872 / DRA005873 / DRA008908,Nagano / Honjo et al,Grown in wild,Illumina HiSeq 2000 SE 50bp,12.066666666666666,19.9,1.2,0,0
1,SE2013_002,2013,3,19,16,10.133333333333333,10.133333333333333,DRA005871 / DRA005872 / DRA005873 / DRA008908,Nagano / Honjo et al,Grown in wild,Illumina HiSeq 2000 SE 50bp,12.066666666666666,19.9,1.2,0,1432.7
2,SE2013_003,2013,3,19,16,10.133333333333333,10.133333333333333,DRA005871 / DRA005872 / DRA005873 / DRA008908,Nagano / Honjo et al,Grown in wild,Illumina HiSeq 2000 SE 50bp,12.066666666666666,19.9,1.2,0,0
3,SE2013_004,2013,3,19,16,10.133333333333333,10.133333333333333,DRA005871 / DRA005872 / DRA005873 / DRA008908,Nagano / Honjo et al,Grown in wild,Illumina HiSeq 2000 SE 50bp,12.066666666666666,19.9,1.2,0,900.9
4,SE2013_005,2013,3,19,18,12.133333333333333,12.133333333333333,DRA005871 / DRA005872 / DRA005873 / DRA008908,Nagano / Honjo et al,Grown in wild,Illumina HiSeq 2000 SE 50bp,12.066666666666666,17.3,0,0,22864
5,SE2013_006,2013,3,19,18,12.133333333333333,12.133333333333333,DRA005871 / DRA005872 / DRA005873 / DRA008908,Nagano / Honjo et al,Grown in wild,Illumina HiSeq 2000 SE 50bp,12.066666666666666,17.3,0,0,227.4
6,SE2013_007,2013,3,19,18,12.133333333333333,12.133333333333333,DRA005871 / DRA005872 / DRA005873 / DRA008908,Nagano / Honjo et al,Grown in wild,Illumina HiSeq 2000 SE 50bp,12.066666666666666,17.3,0,0,0
7,SE2013_008,2013,3,19,18,12.133333333333333,12.133333333333333,DRA005871 / DRA005872 / DRA005873 / DRA008908,Nagano / Honjo et al,Grown in wild,Illumina HiSeq 2000 SE 50bp,12.066666666666666,17.3,0,0,38.3
8,SE2013_009,2013,3,19,20,14.133333333333333,14.133333333333333,DRA005871 / DRA005872 / DRA005873 / DRA008908,Nagano / Honjo et al,Grown in wild,Illumina HiSeq 2000 SE 50bp,12.066666666666666,13.8,0.3,0,0
9,SE2013_010,2013,3,19,20,14.133333333333333,14.133333333333333,DRA005871 / DRA005872 / DRA005873 / DRA008908,Nagano / Honjo et al,Grown in wild,Illumina HiSeq 2000 SE 50bp,12.066666666666666,13.8,0.3,0,0
10,SE2013_011,2013,3,19,20,14.133333333333333,14.133333333333333,DRA005871 / DRA005872 / DRA005873 / DRA008908,Nagano / Honjo et al,Grown in wild,Illumina HiSeq 2000 SE 50bp,12.066666666666666,13.8,0.3,0,110974.1
11,SE2013_012,2013,3,19,20,14.133333333333333,14.133333333333333,DRA005871 / DRA005872 / DRA005873 / DRA008908,Nagano / Honjo et al,Grown in wild,Illumina HiSeq 2000 SE 50bp,12.066666666666666,13.8,0.3,0,0
12,SE2013_013,2013,3,19,22,16.133333333333333,16.133333333333333,DRA005871 / DRA005872 / DRA005873 / DRA008908,Nagano / Honjo et al,Grown in wild,Illumina HiSeq 2000 SE 50bp,12.066666666666666,12.3,0.7,0,0
13,SE2013_014,2013,3,19,22,16.133333333333333,16.133333333333333,DRA005871 / DRA005872 / DRA005873 / DRA008908,Nagano / Honjo et al,Grown in wild,Illumina HiSeq 2000 SE 50bp,12.066666666666666,12.3,0.7,0,1190.1
14,SE2013_015,2013,3,19,22,16.133333333333333,16.133333333333333,DRA005871 / DRA005872 / DRA005873 / DRA008908,Nagano / Honjo et al,Grown in wild,Illumina HiSeq 2000 SE 50bp,12.066666666666666,12.3,0.7,0,0
15,SE2013_016,2013,3,19,22,16.133333333333333,16.133333333333333,DRA005871 / DRA005872 / DRA005873 / DRA008908,Nagano / Honjo et al,Grown in wild,Illumina HiSeq 2000 SE 50bp,12.066666666666666,12.3,0.7,0,1323.5
16,SE2013_017,2013,3,20,0,18.116666666666667,18.116666666666667,DRA005871 / DRA005872 / DRA005873 / DRA008908,Nagano / Honjo et al,Grown in wild,Illumina HiSeq 2000 SE 50bp,12.099999999999998,11,0.2,0,0
17,SE2013_018,2013,3,20,0,18.116666666666667,18.116666666666667,DRA005871 / DRA005872 / DRA005873 / DRA008908,Nagano / Honjo et al,Grown in wild,Illumina HiSeq 2000 SE 50bp,12.099999999999998,11,0.2,0,2284
18,SE2013_019,2013,3,20,0,18.116666666666667,18.116666666666667,DRA005871 / DRA005872 / DRA005873 / DRA008908,Nagano / Honjo et al,Grown in wild,Illumina HiSeq 2000 SE 50bp,12.099999999999998,11,0.2,0,0
19,SE2013_020,2013,3,20,0,18.116666666666667,18.116666666666667,DRA005871 / DRA005872 / DRA005873 / DRA008908,Nagano / Honjo et al,Grown in wild,Illumina HiSeq 2000 SE 50bp,12.099999999999998,11,0.2,0,0
20,SE2013_021,2013,3,20,2,20.116666666666667,20.116666666666667,DRA005871 / DRA005872 / DRA005873 / DRA008908,Nagano / Honjo et al,Grown in wild,Illumina HiSeq 2000 SE 50bp,12.099999999999998,10.6,0.6,0,0
21,SE2013_022,2013,3,20,2,20.116666666666667,20.116666666666667,DRA005871 / DRA005872 / DRA005873 / DRA008908,Nagano / Honjo et al,Grown in wild,Illumina HiSeq 2000 SE 50bp,12.099999999999998,10.6,0.6,0,347.1
22,SE2013_023,2013,3,20,2,20.116666666666667,20.116666666666667,DRA005871 / DRA005872 / DRA005873 / DRA008908,Nagano / Honjo et al,Grown in wild,Illumina HiSeq 2000 SE 50bp,12.099999999999998,10.6,0.6,0,0
23,SE2013_024,2013,3,20,2,20.116666666666667,20.116666666666667,DRA005871 / DRA005872 / DRA005873 / DRA008908,Nagano / Honjo et al,Grown in wild,Illumina HiSeq 2000 SE 50bp,12.099999999999998,10.6,0.6,0,23060.3
24,SE2013_025,2013,3,20,4,22.116666666666667,22.116666666666667,DRA005871 / DRA005872 / DRA005873 / DRA008908,Nagano / Honjo et al,Grown in wild,Illumina HiSeq 2000 SE 50bp,12.099999999999998,10.1,0.2,0,0
25,SE2013_026,2013,3,20,4,22.116666666666667,22.116666666666667,DRA005871 / DRA005872 / DRA005873 / DRA008908,Nagano / Honjo et al,Grown in wild,Illumina HiSeq 2000 SE 50bp,12.099999999999998,10.1,0.2,0,5389.2
26,SE2013_027,2013,3,20,4,22.116666666666667,22.116666666666667,DRA005871 / DRA005872 / DRA005873 / DRA008908,Nagano / Honjo et al,Grown in wild,Illumina HiSeq 2000 SE 50bp,12.099999999999998,10.1,0.2,0,269702.8
27,SE2013_028,2013,3,20,4,22.116666666666667,22.116666666666667,DRA005871 / DRA005872 / DRA005873 / DRA008908,Nagano / Honjo et al,Grown in wild,Illumina HiSeq 2000 SE 50bp,12.099999999999998,10.1,0.2,0,0
28,SE2013_029,2013,3,20,6,0.11666666666666667,0.11666666666666667,DRA005871 / DRA005872 / DRA005873 / DRA008908,Nagano / Honjo et al,Grown in wild,Illumina HiSeq 2000 SE 50bp,12.099999999999998,10.2,0.5,0,0
29,SE2013_030,2013,3,20,6,0.11666666666666667,0.11666666666666667,DRA005871 / DRA005872 / DRA005873 / DRA008908,Nagano / Honjo et al,Grown in wild,Illumina HiSeq 2000 SE 50bp,12.099999999999998,10.2,0.5,0,14972.8
30,SE2013_031,2013,3,20,6,0.11666666666666667,0.11666666666666667,DRA005871 / DRA005872 / DRA005873 / DRA008908,Nagano / Honjo et al,Grown in wild,Illumina HiSeq 2000 SE 50bp,12.099999999999998,10.2,0.5,0,0
31,SE2013_032,2013,3,20,6,0.11666666666666667,0.11666666666666667,DRA005871 / DRA005872 / DRA005873 / DRA008908,Nagano / Honjo et al,Grown in wild,Illumina HiSeq 2000 SE 50bp,12.099999999999998,10.2,0.5,0,0
32,SE2013_033,2013,3,20,8,2.1166666666666667,2.1166666666666667,DRA005871 / DRA005872 / DRA005873 / DRA008908,Nagano / Honjo et al,Grown in wild,Illumina HiSeq 2000 SE 50bp,12.099999999999998,10.8,0.1,0,0
33,SE2013_034,2013,3,20,8,2.1166666666666667,2.1166666666666667,DRA005871 / DRA005872 / DRA005873 / DRA008908,Nagano / Honjo et al,Grown in wild,Illumina HiSeq 2000 SE 50bp,12.099999999999998,10.8,0.1,0,0
34,SE2013_035,2013,3,20,8,2.1166666666666667,2.1166666666666667,DRA005871 / DRA005872 / DRA005873 / DRA008908,Nagano / Honjo et al,Grown in wild,Illumina HiSeq 2000 SE 50bp,12.099999999999998,10.8,0.1,0,0
35,SE2013_036,2013,3,20,8,2.1166666666666667,2.1166666666666667,DRA005871 / DRA005872 / DRA005873 / DRA008908,Nagano / Honjo et al,Grown in wild,Illumina HiSeq 2000 SE 50bp,12.099999999999998,10.8,0.1,0,0
36,SE2013_037,2013,3,20,10,4.116666666666666,4.116666666666666,DRA005871 / DRA005872 / DRA005873 / DRA008908,Nagano / Honjo et al,Grown in wild,Illumina HiSeq 2000 SE 50bp,12.099999999999998,12.7,0,0,11072
37,SE2013_038,2013,3,20,10,4.116666666666666,4.116666666666666,DRA005871 / DRA005872 / DRA005873 / DRA008908,Nagano / Honjo et al,Grown in wild,Illumina HiSeq 2000 SE 50bp,12.099999999999998,12.7,0,0,0
38,SE2013_039,2013,3,20,10,4.116666666666666,4.116666666666666,DRA005871 / DRA005872 / DRA005873 / DRA008908,Nagano / Honjo et al,Grown in wild,Illumina HiSeq 2000 SE 50bp,12.099999999999998,12.7,0,0,0
39,SE2013_040,2013,3,20,10,4.116666666666666,4.116666666666666,DRA005871 / DRA005872 / DRA005873 / DRA008908,Nagano / Honjo et al,Grown in wild,Illumina HiSeq 2000 SE 50bp,12.099999999999998,12.7,0,0,0
40,SE2013_041,2013,3,20,12,6.116666666666666,6.116666666666666,DRA005871 / DRA005872 / DRA005873 / DRA008908,Nagano / Honjo et al,Grown in wild,Illumina HiSeq 2000 SE 50bp,12.099999999999998,15.5,0.2,0,0
41,SE2013_042,2013,3,20,12,6.116666666666666,6.116666666666666,DRA005871 / DRA005872 / DRA005873 / DRA008908,Nagano / Honjo et al,Grown in wild,Illumina HiSeq 2000 SE 50bp,12.099999999999998,15.5,0.2,0,17195.2
42,SE2013_043,2013,3,20,12,6.116666666666666,6.116666666666666,DRA005871 / DRA005872 / DRA005873 / DRA008908,Nagano / Honjo et al,Grown in wild,Illumina HiSeq 2000 SE 50bp,12.099999999999998,15.5,0.2,0,0
43,SE2013_044,2013,3,20,12,6.116666666666666,6.116666666666666,DRA005871 / DRA005872 / DRA005873 / DRA008908,Nagano / Honjo et al,Grown in wild,Illumina HiSeq 2000 SE 50bp,12.099999999999998,15.5,0.2,0,8089.2
44,SE2013_045,2013,3,20,14,8.116666666666667,8.116666666666667,DRA005871 / DRA005872 / DRA005873 / DRA008908,Nagano / Honjo et al,Grown in wild,Illumina HiSeq 2000 SE 50bp,12.099999999999998,14.1,0.1,1,8311.5
45,SE2013_046,2013,3,20,14,8.116666666666667,8.116666666666667,DRA005871 / DRA005872 / DRA005873 / DRA008908,Nagano / Honjo et al,Grown in wild,Illumina HiSeq 2000 SE 50bp,12.099999999999998,14.1,0.1,1,26207
46,SE2013_047,2013,3,20,14,8.116666666666667,8.116666666666667,DRA005871 / DRA005872 / DRA005873 / DRA008908,Nagano / Honjo et al,Grown in wild,Illumina HiSeq 2000 SE 50bp,12.099999999999998,14.1,0.1,1,0
47,SE2013_048,2013,3,20,14,8.116666666666667,8.116666666666667,DRA005871 / DRA005872 / DRA005873 / DRA008908,Nagano / Honjo et al,Grown in wild,Illumina HiSeq 2000 SE 50bp,12.099999999999998,14.1,0.1,1,807
48,SE2013_049,2013,3,20,16,10.116666666666667,10.116666666666667,DRA005871 / DRA005872 / DRA005873 / DRA008908,Nagano / Honjo et al,Grown in wild,Illumina HiSeq 2000 SE 50bp,12.099999999999998,14.1,0.2,0,0
49,SE2013_050,2013,3,20,16,10.116666666666667,10.116666666666667,DRA005871 / DRA005872 / DRA005873 / DRA008908,Nagano / Honjo et al,Grown in wild,Illumina HiSeq 2000 SE 50bp,12.099999999999998,14.1,0.2,0,1623.9
50,SE2013_051,2013,3,20,16,10.116666666666667,10.116666666666667,DRA005871 / DRA005872 / DRA005873 / DRA008908,Nagano / Honjo et al,Grown in wild,Illumina HiSeq 2000 SE 50bp,12.099999999999998,14.1,0.2,0,108471
51,SE2013_052,2013,3,20,16,10.116666666666667,10.116666666666667,DRA005871 / DRA005872 / DRA005873 / DRA008908,Nagano / Honjo et al,Grown in wild,Illumina HiSeq 2000 SE 50bp,12.099999999999998,14.1,0.2,0,38887.3
52,SE2013_053,2013,3,20,18,12.116666666666667,12.116666666666667,DRA005871 / DRA005872 / DRA005873 / DRA008908,Nagano / Honjo et al,Grown in wild,Illumina HiSeq 2000 SE 50bp,12.099999999999998,13.7,0.9,0,0
53,SE2013_054,2013,3,20,18,12.116666666666667,12.116666666666667,DRA005871 / DRA005872 / DRA005873 / DRA008908,Nagano / Honjo et al,Grown in wild,Illumina HiSeq 2000 SE 50bp,12.099999999999998,13.7,0.9,0,305.5
54,SE2013_055,2013,3,20,18,12.116666666666667,12.116666666666667,DRA005871 / DRA005872 / DRA005873 / DRA008908,Nagano / Honjo et al,Grown in wild,Illumina HiSeq 2000 SE 50bp,12.099999999999998,13.7,0.9,0,0
55,SE2013_056,2013,3,20,18,12.116666666666667,12.116666666666667,DRA005871 / DRA005872 / DRA005873 / DRA008908,Nagano / Honjo et al,Grown in wild,Illumina HiSeq 2000 SE 50bp,12.099999999999998,13.7,0.9,0,0
56,SE2013_057,2013,3,20,20,14.116666666666667,14.116666666666667,DRA005871 / DRA005872 / DRA005873 / DRA008908,Nagano / Honjo et al,Grown in wild,Illumina HiSeq 2000 SE 50bp,12.099999999999998,12.9,0.7,0,0
57,SE2013_058,2013,3,20,20,14.116666666666667,14.116666666666667,DRA005871 / DRA005872 / DRA005873 / DRA008908,Nagano / Honjo et al,Grown in wild,Illumina HiSeq 2000 SE 50bp,12.099999999999998,12.9,0.7,0,0
58,SE2013_059,2013,3,20,20,14.116666666666667,14.116666666666667,DRA005871 / DRA005872 / DRA005873 / DRA008908,Nagano / Honjo et al,Grown in wild,Illumina HiSeq 2000 SE 50bp,12.099999999999998,12.9,0.7,0,0
59,SE2013_060,2013,3,20,20,14.116666666666667,14.116666666666667,DRA005871 / DRA005872 / DRA005873 / DRA008908,Nagano / Honjo et al,Grown in wild,Illumina HiSeq 2000 SE 50bp,12.099999999999998,12.9,0.7,0,0
60,SE2013_061,2013,3,20,22,16.116666666666667,16.116666666666667,DRA005871 / DRA005872 / DRA005873 / DRA008908,Nagano / Honjo et al,Grown in wild,Illumina HiSeq 2000 SE 50bp,12.099999999999998,11.2,4.9,0,0
61,SE2013_062,2013,3,20,22,16.116666666666667,16.116666666666667,DRA005871 / DRA005872 / DRA005873 / DRA008908,Nagano / Honjo et al,Grown in wild,Illumina HiSeq 2000 SE 50bp,12.099999999999998,11.2,4.9,0,0
62,SE2013_063,2013,3,20,22,16.116666666666667,16.116666666666667,DRA005871 / DRA005872 / DRA005873 / DRA008908,Nagano / Honjo et al,Grown in wild,Illumina HiSeq 2000 SE 50bp,12.099999999999998,11.2,4.9,0,0
63,SE2013_064,2013,3,20,22,16.116666666666667,16.116666666666667,DRA005871 / DRA005872 / DRA005873 / DRA008908,Nagano / Honjo et al,Grown in wild,Illumina HiSeq 2000 SE 50bp,12.099999999999998,11.2,4.9,0,0
64,SE2013_065,2013,3,21,0,18.1,18.1,DRA005871 / DRA005872 / DRA005873 / DRA008908,Nagano / Honjo et al,Grown in wild,Illumina HiSeq 2000 SE 50bp,12.133333333333336,7,3.9,0,13124.3
65,SE2013_066,2013,3,21,0,18.1,18.1,DRA005871 / DRA005872 / DRA005873 / DRA008908,Nagano / Honjo et al,Grown in wild,Illumina HiSeq 2000 SE 50bp,12.133333333333336,7,3.9,0,1645.8
66,SE2013_067,2013,3,21,0,18.1,18.1,DRA005871 / DRA005872 / DRA005873 / DRA008908,Nagano / Honjo et al,Grown in wild,Illumina HiSeq 2000 SE 50bp,12.133333333333336,7,3.9,0,0
67,SE2013_068,2013,3,21,0,18.1,18.1,DRA005871 / DRA005872 / DRA005873 / DRA008908,Nagano / Honjo et al,Grown in wild,Illumina HiSeq 2000 SE 50bp,12.133333333333336,7,3.9,0,0
68,SE2013_069,2013,3,21,2,20.1,20.1,DRA005871 / DRA005872 / DRA005873 / DRA008908,Nagano / Honjo et al,Grown in wild,Illumina HiSeq 2000 SE 50bp,12.133333333333336,5.3,3,0,14408.9
69,SE2013_070,2013,3,21,2,20.1,20.1,DRA005871 / DRA005872 / DRA005873 / DRA008908,Nagano / Honjo et al,Grown in wild,Illumina HiSeq 2000 SE 50bp,12.133333333333336,5.3,3,0,1483.6
70,SE2013_071,2013,3,21,2,20.1,20.1,DRA005871 / DRA005872 / DRA005873 / DRA008908,Nagano / Honjo et al,Grown in wild,Illumina HiSeq 2000 SE 50bp,12.133333333333336,5.3,3,0,0
71,SE2013_072,2013,3,21,2,20.1,20.1,DRA005871 / DRA005872 / DRA005873 / DRA008908,Nagano / Honjo et al,Grown in wild,Illumina HiSeq 2000 SE 50bp,12.133333333333336,5.3,3,0,55858.9
72,SE2013_073,2013,3,21,4,22.1,22.1,DRA005871 / DRA005872 / DRA005873 / DRA008908,Nagano / Honjo et al,Grown in wild,Illumina HiSeq 2000 SE 50bp,12.133333333333336,3.5,1.1,0,0
73,SE2013_074,2013,3,21,4,22.1,22.1,DRA005871 / DRA005872 / DRA005873 / DRA008908,Nagano / Honjo et al,Grown in wild,Illumina HiSeq 2000 SE 50bp,12.133333333333336,3.5,1.1,0,5840.8
74,SE2013_075,2013,3,21,4,22.1,22.1,DRA005871 / DRA005872 / DRA005873 / DRA008908,Nagano / Honjo et al,Grown in wild,Illumina HiSeq 2000 SE 50bp,12.133333333333336,3.5,1.1,0,0
75,SE2013_076,2013,3,21,4,22.1,22.1,DRA005871 / DRA005872 / DRA005873 / DRA008908,Nagano / Honjo et al,Grown in wild,Illumina HiSeq 2000 SE 50bp,12.133333333333336,3.5,1.1,0,0
76,SE2013_077,2013,3,21,6,0.1,0.1,DRA005871 / DRA005872 / DRA005873 / DRA008908,Nagano / Honjo et al,Grown in wild,Illumina HiSeq 2000 SE 50bp,12.133333333333336,3.5,3.3,0,0
77,SE2013_078,2013,3,21,6,0.1,0.1,DRA005871 / DRA005872 / DRA005873 / DRA008908,Nagano / Honjo et al,Grown in wild,Illumina HiSeq 2000 SE 50bp,12.133333333333336,3.5,3.3,0,1438.3
78,SE2013_079,2013,3,21,6,0.1,0.1,DRA005871 / DRA005872 / DRA005873 / DRA008908,Nagano / Honjo et al,Grown in wild,Illumina HiSeq 2000 SE 50bp,12.133333333333336,3.5,3.3,0,0
79,SE2013_080,2013,3,21,6,0.1,0.1,DRA005871 / DRA005872 / DRA005873 / DRA008908,Nagano / Honjo et al,Grown in wild,Illumina HiSeq 2000 SE 50bp,12.133333333333336,3.5,3.3,0,0
80,SE2013_081,2013,3,21,8,2.1,2.1,DRA005871 / DRA005872 / DRA005873 / DRA008908,Nagano / Honjo et al,Grown in wild,Illumina HiSeq 2000 SE 50bp,12.133333333333336,4.2,2.7,0,37400.2
81,SE2013_082,2013,3,21,8,2.1,2.1,DRA005871 / DRA005872 / DRA005873 / DRA008908,Nagano / Honjo et al,Grown in wild,Illumina HiSeq 2000 SE 50bp,12.133333333333336,4.2,2.7,0,3360.8
82,SE2013_083,2013,3,21,8,2.1,2.1,DRA005871 / DRA005872 / DRA005873 / DRA008908,Nagano / Honjo et al,Grown in wild,Illumina HiSeq 2000 SE 50bp,12.133333333333336,4.2,2.7,0,0
83,SE2013_084,2013,3,21,8,2.1,2.1,DRA005871 / DRA005872 / DRA005873 / DRA008908,Nagano / Honjo et al,Grown in wild,Illumina HiSeq 2000 SE 50bp,12.133333333333336,4.2,2.7,0,0
84,SE2013_085,2013,3,21,10,4.1,4.1,DRA005871 / DRA005872 / DRA005873 / DRA008908,Nagano / Honjo et al,Grown in wild,Illumina HiSeq 2000 SE 50bp,12.133333333333336,4.9,2.7,0,0
85,SE2013_086,2013,3,21,10,4.1,4.1,DRA005871 / DRA005872 / DRA005873 / DRA008908,Nagano / Honjo et al,Grown in wild,Illumina HiSeq 2000 SE 50bp,12.133333333333336,4.9,2.7,0,2854.3
86,SE2013_087,2013,3,21,10,4.1,4.1,DRA005871 / DRA005872 / DRA005873 / DRA008908,Nagano / Honjo et al,Grown in wild,Illumina HiSeq 2000 SE 50bp,12.133333333333336,4.9,2.7,0,2481.8
87,SE2013_088,2013,3,21,10,4.1,4.1,DRA005871 / DRA005872 / DRA005873 / DRA008908,Nagano / Honjo et al,Grown in wild,Illumina HiSeq 2000 SE 50bp,12.133333333333336,4.9,2.7,0,0
88,SE2013_089,2013,3,21,12,6.1,6.1,DRA005871 / DRA005872 / DRA005873 / DRA008908,Nagano / Honjo et al,Grown in wild,Illumina HiSeq 2000 SE 50bp,12.133333333333336,7.2,1.8,0,0
89,SE2013_090,2013,3,21,12,6.1,6.1,DRA005871 / DRA005872 / DRA005873 / DRA008908,Nagano / Honjo et al,Grown in wild,Illumina HiSeq 2000 SE 50bp,12.133333333333336,7.2,1.8,0,6351.1
90,SE2013_091,2013,3,21,12,6.1,6.1,DRA005871 / DRA005872 / DRA005873 / DRA008908,Nagano / Honjo et al,Grown in wild,Illumina HiSeq 2000 SE 50bp,12.133333333333336,7.2,1.8,0,0
91,SE2013_092,2013,3,21,12,6.1,6.1,DRA005871 / DRA005872 / DRA005873 / DRA008908,Nagano / Honjo et al,Grown in wild,Illumina HiSeq 2000 SE 50bp,12.133333333333336,7.2,1.8,0,0
92,SE2013_093,2013,3,21,14,8.1,8.1,DRA005871 / DRA005872 / DRA005873 / DRA008908,Nagano / Honjo et al,Grown in wild,Illumina HiSeq 2000 SE 50bp,12.133333333333336,8.5,3.5,0,34917.8
93,SE2013_094,2013,3,21,14,8.1,8.1,DRA005871 / DRA005872 / DRA005873 / DRA008908,Nagano / Honjo et al,Grown in wild,Illumina HiSeq 2000 SE 50bp,12.133333333333336,8.5,3.5,0,0
94,SE2013_095,2013,3,21,14,8.1,8.1,DRA005871 / DRA005872 / DRA005873 / DRA008908,Nagano / Honjo et al,Grown in wild,Illumina HiSeq 2000 SE 50bp,12.133333333333336,8.5,3.5,0,0
95,SE2013_096,2013,3,21,14,8.1,8.1,DRA005871 / DRA005872 / DRA005873 / DRA008908,Nagano / Honjo et al,Grown in wild,Illumina HiSeq 2000 SE 50bp,12.133333333333336,8.5,3.5,0,0
96,SS2013_001,2013,6,26,16,12.816666666666666,12.816666666666666,DRA005871 / DRA005872 / DRA005873 / DRA008908,Nagano / Honjo et al,Grown in wild,Illumina HiSeq 2000 SE 50bp,14.516666666666666,20.8,1.1,2,3026.6
97,SS2013_002,2013,6,26,16,12.816666666666666,12.816666666666666,DRA005871 / DRA005872 / DRA005873 / DRA008908,Nagano / Honjo et al,Grown in wild,Illumina HiSeq 2000 SE 50bp,14.516666666666666,20.8,1.1,2,510408.8
98,SS2013_003,2013,6,26,16,12.816666666666666,12.816666666666666,DRA005871 / DRA005872 / DRA005873 / DRA008908,Nagano / Honjo et al,Grown in wild,Illumina HiSeq 2000 SE 50bp,14.516666666666666,20.8,1.1,2,0
99,SS2013_004,2013,6,26,16,12.816666666666666,12.816666666666666,DRA005871 / DRA005872 / DRA005873 / DRA008908,Nagano / Honjo et al,Grown in wild,Illumina HiSeq 2000 SE 50bp,14.516666666666666,20.8,1.1,2,127742.5
100,SS2013_005,2013,6,26,18,14.816666666666666,14.816666666666666,DRA005871 / DRA005872 / DRA005873 / DRA008908,Nagano / Honjo et al,Grown in wild,Illumina HiSeq 2000 SE 50bp,14.516666666666666,21.1,1.5,0.5,0
101,SS2013_006,2013,6,26,18,14.816666666666666,14.816666666666666,DRA005871 / DRA005872 / DRA005873 / DRA008908,Nagano / Honjo et al,Grown in wild,Illumina HiSeq 2000 SE 50bp,14.516666666666666,21.1,1.5,0.5,440959.1
102,SS2013_007,2013,6,26,18,14.816666666666666,14.816666666666666,DRA005871 / DRA005872 / DRA005873 / DRA008908,Nagano / Honjo et al,Grown in wild,Illumina HiSeq 2000 SE 50bp,14.516666666666666,21.1,1.5,0.5,0
103,SS2013_008,2013,6,26,18,14.816666666666666,14.816666666666666,DRA005871 / DRA005872 / DRA005873 / DRA008908,Nagano / Honjo et al,Grown in wild,Illumina HiSeq 2000 SE 50bp,14.516666666666666,,,,
104,SS2013_009,2013,6,26,20,16.816666666666666,16.816666666666666,DRA005871 / DRA005872 / DRA005873 / DRA008908,Nagano / Honjo et al,Grown in wild,Illumina HiSeq 2000 SE 50bp,14.516666666666666,20.9,1.1,0,167422.5
105,SS2013_010,2013,6,26,20,16.816666666666666,16.816666666666666,DRA005871 / DRA005872 / DRA005873 / DRA008908,Nagano / Honjo et al,Grown in wild,Illumina HiSeq 2000 SE 50bp,14.516666666666666,20.9,1.1,0,0
106,SS2013_011,2013,6,26,20,16.816666666666666,16.816666666666666,DRA005871 / DRA005872 / DRA005873 / DRA008908,Nagano / Honjo et al,Grown in wild,Illumina HiSeq 2000 SE 50bp,14.516666666666666,20.9,1.1,0,0
107,SS2013_012,2013,6,26,20,16.816666666666666,16.816666666666666,DRA005871 / DRA005872 / DRA005873 / DRA008908,Nagano / Honjo et al,Grown in wild,Illumina HiSeq 2000 SE 50bp,14.516666666666666,20.9,1.1,0,0
108,SS2013_013,2013,6,26,22,18.816666666666666,18.816666666666666,DRA005871 / DRA005872 / DRA005873 / DRA008908,Nagano / Honjo et al,Grown in wild,Illumina HiSeq 2000 SE 50bp,14.516666666666666,20,0.3,0,93656.5
109,SS2013_014,2013,6,26,22,18.816666666666666,18.816666666666666,DRA005871 / DRA005872 / DRA005873 / DRA008908,Nagano / Honjo et al,Grown in wild,Illumina HiSeq 2000 SE 50bp,14.516666666666666,20,0.3,0,391363.4
110,SS2013_015,2013,6,26,22,18.816666666666666,18.816666666666666,DRA005871 / DRA005872 / DRA005873 / DRA008908,Nagano / Honjo et al,Grown in wild,Illumina HiSeq 2000 SE 50bp,14.516666666666666,20,0.3,0,609216.9
111,SS2013_016,2013,6,26,22,18.816666666666666,18.816666666666666,DRA005871 / DRA005872 / DRA005873 / DRA008908,Nagano / Honjo et al,Grown in wild,Illumina HiSeq 2000 SE 50bp,14.516666666666666,20,0.3,0,0
112,SS2013_017,2013,6,27,0,20.833333333333332,20.833333333333332,DRA005871 / DRA005872 / DRA005873 / DRA008908,Nagano / Honjo et al,Grown in wild,Illumina HiSeq 2000 SE 50bp,14.5,,,,
113,SS2013_018,2013,6,27,0,20.833333333333332,20.833333333333332,DRA005871 / DRA005872 / DRA005873 / DRA008908,Nagano / Honjo et al,Grown in wild,Illumina HiSeq 2000 SE 50bp,14.5,20.1,0.2,0,457858.8
114,SS2013_019,2013,6,27,0,20.833333333333332,20.833333333333332,DRA005871 / DRA005872 / DRA005873 / DRA008908,Nagano / Honjo et al,Grown in wild,Illumina HiSeq 2000 SE 50bp,14.5,20.1,0.2,0,0
115,SS2013_020,2013,6,27,0,20.833333333333332,20.833333333333332,DRA005871 / DRA005872 / DRA005873 / DRA008908,Nagano / Honjo et al,Grown in wild,Illumina HiSeq 2000 SE 50bp,14.5,20.1,0.2,0,0
116,SS2013_021,2013,6,27,2,22.833333333333332,22.833333333333332,DRA005871 / DRA005872 / DRA005873 / DRA008908,Nagano / Honjo et al,Grown in wild,Illumina HiSeq 2000 SE 50bp,14.5,19.5,0.1,0,0
117,SS2013_022,2013,6,27,2,22.833333333333332,22.833333333333332,DRA005871 / DRA005872 / DRA005873 / DRA008908,Nagano / Honjo et al,Grown in wild,Illumina HiSeq 2000 SE 50bp,14.5,19.5,0.1,0,383167.2
118,SS2013_023,2013,6,27,2,22.833333333333332,22.833333333333332,DRA005871 / DRA005872 / DRA005873 / DRA008908,Nagano / Honjo et al,Grown in wild,Illumina HiSeq 2000 SE 50bp,14.5,19.5,0.1,0,0
119,SS2013_024,2013,6,27,2,22.833333333333332,22.833333333333332,DRA005871 / DRA005872 / DRA005873 / DRA008908,Nagano / Honjo et al,Grown in wild,Illumina HiSeq 2000 SE 50bp,14.5,19.5,0.1,0,0
120,SS2013_025,2013,6,27,4,0.8333333333333334,0.8333333333333334,DRA005871 / DRA005872 / DRA005873 / DRA008908,Nagano / Honjo et al,Grown in wild,Illumina HiSeq 2000 SE 50bp,14.5,19.5,0,0,268313.3
121,SS2013_026,2013,6,27,4,0.8333333333333334,0.8333333333333334,DRA005871 / DRA005872 / DRA005873 / DRA008908,Nagano / Honjo et al,Grown in wild,Illumina HiSeq 2000 SE 50bp,14.5,19.5,0,0,372167.6
122,SS2013_027,2013,6,27,4,0.8333333333333334,0.8333333333333334,DRA005871 / DRA005872 / DRA005873 / DRA008908,Nagano / Honjo et al,Grown in wild,Illumina HiSeq 2000 SE 50bp,14.5,19.5,0,0,0
123,SS2013_028,2013,6,27,4,0.8333333333333334,0.8333333333333334,DRA005871 / DRA005872 / DRA005873 / DRA008908,Nagano / Honjo et al,Grown in wild,Illumina HiSeq 2000 SE 50bp,14.5,19.5,0,0,194220.6
124,SS2013_029,2013,6,27,6,2.8333333333333335,2.8333333333333335,DRA005871 / DRA005872 / DRA005873 / DRA008908,Nagano / Honjo et al,Grown in wild,Illumina HiSeq 2000 SE 50bp,14.5,19.9,0,0,58220.9
125,SS2013_030,2013,6,27,6,2.8333333333333335,2.8333333333333335,DRA005871 / DRA005872 / DRA005873 / DRA008908,Nagano / Honjo et al,Grown in wild,Illumina HiSeq 2000 SE 50bp,14.5,19.9,0,0,359467.4
126,SS2013_031,2013,6,27,6,2.8333333333333335,2.8333333333333335,DRA005871 / DRA005872 / DRA005873 / DRA008908,Nagano / Honjo et al,Grown in wild,Illumina HiSeq 2000 SE 50bp,14.5,19.9,0,0,0
127,SS2013_032,2013,6,27,6,2.8333333333333335,2.8333333333333335,DRA005871 / DRA005872 / DRA005873 / DRA008908,Nagano / Honjo et al,Grown in wild,Illumina HiSeq 2000 SE 50bp,14.5,19.9,0,0,0
128,SS2013_033,2013,6,27,8,4.833333333333333,4.833333333333333,DRA005871 / DRA005872 / DRA005873 / DRA008908,Nagano / Honjo et al,Grown in wild,Illumina HiSeq 2000 SE 50bp,14.5,21.1,0.3,0,16584.8
129,SS2013_034,2013,6,27,8,4.833333333333333,4.833333333333333,DRA005871 / DRA005872 / DRA005873 / DRA008908,Nagano / Honjo et al,Grown in wild,Illumina HiSeq 2000 SE 50bp,14.5,21.1,0.3,0,158589.2
130,SS2013_035,2013,6,27,8,4.833333333333333,4.833333333333333,DRA005871 / DRA005872 / DRA005873 / DRA008908,Nagano / Honjo et al,Grown in wild,Illumina HiSeq 2000 SE 50bp,14.5,21.1,0.3,0,0
131,SS2013_036,2013,6,27,8,4.833333333333333,4.833333333333333,DRA005871 / DRA005872 / DRA005873 / DRA008908,Nagano / Honjo et al,Grown in wild,Illumina HiSeq 2000 SE 50bp,14.5,21.1,0.3,0,0
132,SS2013_037,2013,6,27,10,6.833333333333333,6.833333333333333,DRA005871 / DRA005872 / DRA005873 / DRA008908,Nagano / Honjo et al,Grown in wild,Illumina HiSeq 2000 SE 50bp,14.5,24.1,1.1,0,99368
133,SS2013_038,2013,6,27,10,6.833333333333333,6.833333333333333,DRA005871 / DRA005872 / DRA005873 / DRA008908,Nagano / Honjo et al,Grown in wild,Illumina HiSeq 2000 SE 50bp,14.5,24.1,1.1,0,418707.5
134,SS2013_039,2013,6,27,10,6.833333333333333,6.833333333333333,DRA005871 / DRA005872 / DRA005873 / DRA008908,Nagano / Honjo et al,Grown in wild,Illumina HiSeq 2000 SE 50bp,14.5,24.1,1.1,0,315327.1
135,SS2013_040,2013,6,27,10,6.833333333333333,6.833333333333333,DRA005871 / DRA005872 / DRA005873 / DRA008908,Nagano / Honjo et al,Grown in wild,Illumina HiSeq 2000 SE 50bp,14.5,24.1,1.1,0,0
136,SS2013_041,2013,6,27,12,8.833333333333334,8.833333333333334,DRA005871 / DRA005872 / DRA005873 / DRA008908,Nagano / Honjo et al,Grown in wild,Illumina HiSeq 2000 SE 50bp,14.5,26.6,1.4,0,369282.4
137,SS2013_042,2013,6,27,12,8.833333333333334,8.833333333333334,DRA005871 / DRA005872 / DRA005873 / DRA008908,Nagano / Honjo et al,Grown in wild,Illumina HiSeq 2000 SE 50bp,14.5,26.6,1.4,0,399597.3
138,SS2013_043,2013,6,27,12,8.833333333333334,8.833333333333334,DRA005871 / DRA005872 / DRA005873 / DRA008908,Nagano / Honjo et al,Grown in wild,Illumina HiSeq 2000 SE 50bp,14.5,26.6,1.4,0,0
139,SS2013_044,2013,6,27,12,8.833333333333334,8.833333333333334,DRA005871 / DRA005872 / DRA005873 / DRA008908,Nagano / Honjo et al,Grown in wild,Illumina HiSeq 2000 SE 50bp,14.5,26.6,1.4,0,0
140,SS2013_045,2013,6,27,14,10.833333333333334,10.833333333333334,DRA005871 / DRA005872 / DRA005873 / DRA008908,Nagano / Honjo et al,Grown in wild,Illumina HiSeq 2000 SE 50bp,14.5,28,1,0,77598.8
141,SS2013_046,2013,6,27,14,10.833333333333334,10.833333333333334,DRA005871 / DRA005872 / DRA005873 / DRA008908,Nagano / Honjo et al,Grown in wild,Illumina HiSeq 2000 SE 50bp,14.5,28,1,0,278186.5
142,SS2013_047,2013,6,27,14,10.833333333333334,10.833333333333334,DRA005871 / DRA005872 / DRA005873 / DRA008908,Nagano / Honjo et al,Grown in wild,Illumina HiSeq 2000 SE 50bp,14.5,28,1,0,0
143,SS2013_048,2013,6,27,14,10.833333333333334,10.833333333333334,DRA005871 / DRA005872 / DRA005873 / DRA008908,Nagano / Honjo et al,Grown in wild,Illumina HiSeq 2000 SE 50bp,14.5,28,1,0,127217.3
144,SS2013_049,2013,6,27,16,12.833333333333334,12.833333333333334,DRA005871 / DRA005872 / DRA005873 / DRA008908,Nagano / Honjo et al,Grown in wild,Illumina HiSeq 2000 SE 50bp,14.5,26.6,0.8,0,0
145,SS2013_050,2013,6,27,16,12.833333333333334,12.833333333333334,DRA005871 / DRA005872 / DRA005873 / DRA008908,Nagano / Honjo et al,Grown in wild,Illumina HiSeq 2000 SE 50bp,14.5,26.6,0.8,0,505816.6
146,SS2013_051,2013,6,27,16,12.833333333333334,12.833333333333334,DRA005871 / DRA005872 / DRA005873 / DRA008908,Nagano / Honjo et al,Grown in wild,Illumina HiSeq 2000 SE 50bp,14.5,,,,
147,SS2013_052,2013,6,27,16,12.833333333333334,12.833333333333334,DRA005871 / DRA005872 / DRA005873 / DRA008908,Nagano / Honjo et al,Grown in wild,Illumina HiSeq 2000 SE 50bp,14.5,26.6,0.8,0,395201.6
148,SS2013_053,2013,6,27,18,14.833333333333334,14.833333333333334,DRA005871 / DRA005872 / DRA005873 / DRA008908,Nagano / Honjo et al,Grown in wild,Illumina HiSeq 2000 SE 50bp,14.5,25.6,0.8,0,523987.8
149,SS2013_054,2013,6,27,18,14.833333333333334,14.833333333333334,DRA005871 / DRA005872 / DRA005873 / DRA008908,Nagano / Honjo et al,Grown in wild,Illumina HiSeq 2000 SE 50bp,14.5,25.6,0.8,0,389253
150,SS2013_055,2013,6,27,18,14.833333333333334,14.833333333333334,DRA005871 / DRA005872 / DRA005873 / DRA008908,Nagano / Honjo et al,Grown in wild,Illumina HiSeq 2000 SE 50bp,14.5,25.6,0.8,0,0
151,SS2013_056,2013,6,27,18,14.833333333333334,14.833333333333334,DRA005871 / DRA005872 / DRA005873 / DRA008908,Nagano / Honjo et al,Grown in wild,Illumina HiSeq 2000 SE 50bp,14.5,25.6,0.8,0,0
152,SS2013_057,2013,6,27,20,16.833333333333332,16.833333333333332,DRA005871 / DRA005872 / DRA005873 / DRA008908,Nagano / Honjo et al,Grown in wild,Illumina HiSeq 2000 SE 50bp,14.5,23,0.5,0,154840.3
153,SS2013_058,2013,6,27,20,16.833333333333332,16.833333333333332,DRA005871 / DRA005872 / DRA005873 / DRA008908,Nagano / Honjo et al,Grown in wild,Illumina HiSeq 2000 SE 50bp,14.5,23,0.5,0,550532.1
154,SS2013_059,2013,6,27,20,16.833333333333332,16.833333333333332,DRA005871 / DRA005872 / DRA005873 / DRA008908,Nagano / Honjo et al,Grown in wild,Illumina HiSeq 2000 SE 50bp,14.5,23,0.5,0,0
155,SS2013_060,2013,6,27,20,16.833333333333332,16.833333333333332,DRA005871 / DRA005872 / DRA005873 / DRA008908,Nagano / Honjo et al,Grown in wild,Illumina HiSeq 2000 SE 50bp,14.5,23,0.5,0,0
156,SS2013_061,2013,6,27,22,18.833333333333332,18.833333333333332,DRA005871 / DRA005872 / DRA005873 / DRA008908,Nagano / Honjo et al,Grown in wild,Illumina HiSeq 2000 SE 50bp,14.5,22.5,0.6,0,7331.8
157,SS2013_062,2013,6,27,22,18.833333333333332,18.833333333333332,DRA005871 / DRA005872 / DRA005873 / DRA008908,Nagano / Honjo et al,Grown in wild,Illumina HiSeq 2000 SE 50bp,14.5,22.5,0.6,0,0
158,SS2013_063,2013,6,27,22,18.833333333333332,18.833333333333332,DRA005871 / DRA005872 / DRA005873 / DRA008908,Nagano / Honjo et al,Grown in wild,Illumina HiSeq 2000 SE 50bp,14.5,22.5,0.6,0,0
159,SS2013_064,2013,6,27,22,18.833333333333332,18.833333333333332,DRA005871 / DRA005872 / DRA005873 / DRA008908,Nagano / Honjo et al,Grown in wild,Illumina HiSeq 2000 SE 50bp,14.5,22.5,0.6,0,105290.7
160,SS2013_065,2013,6,28,0,20.833333333333332,20.833333333333332,DRA005871 / DRA005872 / DRA005873 / DRA008908,Nagano / Honjo et al,Grown in wild,Illumina HiSeq 2000 SE 50bp,14.5,21.1,0.9,0,41258.4
161,SS2013_066,2013,6,28,0,20.833333333333332,20.833333333333332,DRA005871 / DRA005872 / DRA005873 / DRA008908,Nagano / Honjo et al,Grown in wild,Illumina HiSeq 2000 SE 50bp,14.5,21.1,0.9,0,175408.1
162,SS2013_067,2013,6,28,0,20.833333333333332,20.833333333333332,DRA005871 / DRA005872 / DRA005873 / DRA008908,Nagano / Honjo et al,Grown in wild,Illumina HiSeq 2000 SE 50bp,14.5,21.1,0.9,0,205628
163,SS2013_068,2013,6,28,0,20.833333333333332,20.833333333333332,DRA005871 / DRA005872 / DRA005873 / DRA008908,Nagano / Honjo et al,Grown in wild,Illumina HiSeq 2000 SE 50bp,14.5,21.1,0.9,0,0
164,SS2013_069,2013,6,28,2,22.833333333333332,22.833333333333332,DRA005871 / DRA005872 / DRA005873 / DRA008908,Nagano / Honjo et al,Grown in wild,Illumina HiSeq 2000 SE 50bp,14.5,20.9,0.9,0,81665.9
165,SS2013_070,2013,6,28,2,22.833333333333332,22.833333333333332,DRA005871 / DRA005872 / DRA005873 / DRA008908,Nagano / Honjo et al,Grown in wild,Illumina HiSeq 2000 SE 50bp,14.5,20.9,0.9,0,229709.5
166,SS2013_071,2013,6,28,2,22.833333333333332,22.833333333333332,DRA005871 / DRA005872 / DRA005873 / DRA008908,Nagano / Honjo et al,Grown in wild,Illumina HiSeq 2000 SE 50bp,14.5,20.9,0.9,0,0
167,SS2013_072,2013,6,28,2,22.833333333333332,22.833333333333332,DRA005871 / DRA005872 / DRA005873 / DRA008908,Nagano / Honjo et al,Grown in wild,Illumina HiSeq 2000 SE 50bp,14.5,20.9,0.9,0,0
168,SS2013_073,2013,6,28,4,0.8333333333333334,0.8333333333333334,DRA005871 / DRA005872 / DRA005873 / DRA008908,Nagano / Honjo et al,Grown in wild,Illumina HiSeq 2000 SE 50bp,14.5,20.6,0.5,0,29723.1
169,SS2013_074,2013,6,28,4,0.8333333333333334,0.8333333333333334,DRA005871 / DRA005872 / DRA005873 / DRA008908,Nagano / Honjo et al,Grown in wild,Illumina HiSeq 2000 SE 50bp,14.5,20.6,0.5,0,393444.2
170,SS2013_075,2013,6,28,4,0.8333333333333334,0.8333333333333334,DRA005871 / DRA005872 / DRA005873 / DRA008908,Nagano / Honjo et al,Grown in wild,Illumina HiSeq 2000 SE 50bp,14.5,20.6,0.5,0,0
171,SS2013_076,2013,6,28,4,0.8333333333333334,0.8333333333333334,DRA005871 / DRA005872 / DRA005873 / DRA008908,Nagano / Honjo et al,Grown in wild,Illumina HiSeq 2000 SE 50bp,14.5,20.6,0.5,0,956056.8
172,SS2013_077,2013,6,28,6,2.8333333333333335,2.8333333333333335,DRA005871 / DRA005872 / DRA005873 / DRA008908,Nagano / Honjo et al,Grown in wild,Illumina HiSeq 2000 SE 50bp,14.5,20.3,0.3,0,170314.9
173,SS2013_078,2013,6,28,6,2.8333333333333335,2.8333333333333335,DRA005871 / DRA005872 / DRA005873 / DRA008908,Nagano / Honjo et al,Grown in wild,Illumina HiSeq 2000 SE 50bp,14.5,20.3,0.3,0,411177.4
174,SS2013_079,2013,6,28,6,2.8333333333333335,2.8333333333333335,DRA005871 / DRA005872 / DRA005873 / DRA008908,Nagano / Honjo et al,Grown in wild,Illumina HiSeq 2000 SE 50bp,14.5,20.3,0.3,0,0
175,SS2013_080,2013,6,28,6,2.8333333333333335,2.8333333333333335,DRA005871 / DRA005872 / DRA005873 / DRA008908,Nagano / Honjo et al,Grown in wild,Illumina HiSeq 2000 SE 50bp,14.5,20.3,0.3,0,0
176,SS2013_081,2013,6,28,8,4.833333333333333,4.833333333333333,DRA005871 / DRA005872 / DRA005873 / DRA008908,Nagano / Honjo et al,Grown in wild,Illumina HiSeq 2000 SE 50bp,14.5,22.2,0.3,0,208227.2
177,SS2013_082,2013,6,28,8,4.833333333333333,4.833333333333333,DRA005871 / DRA005872 / DRA005873 / DRA008908,Nagano / Honjo et al,Grown in wild,Illumina HiSeq 2000 SE 50bp,14.5,22.2,0.3,0,325683.9
178,SS2013_083,2013,6,28,8,4.833333333333333,4.833333333333333,DRA005871 / DRA005872 / DRA005873 / DRA008908,Nagano / Honjo et al,Grown in wild,Illumina HiSeq 2000 SE 50bp,14.5,22.2,0.3,0,58140.4
179,SS2013_084,2013,6,28,8,4.833333333333333,4.833333333333333,DRA005871 / DRA005872 / DRA005873 / DRA008908,Nagano / Honjo et al,Grown in wild,Illumina HiSeq 2000 SE 50bp,14.5,22.2,0.3,0,0
180,SS2013_085,2013,6,28,10,6.833333333333333,6.833333333333333,DRA005871 / DRA005872 / DRA005873 / DRA008908,Nagano / Honjo et al,Grown in wild,Illumina HiSeq 2000 SE 50bp,14.5,24.9,0.8,0,90490.2
181,SS2013_086,2013,6,28,10,6.833333333333333,6.833333333333333,DRA005871 / DRA005872 / DRA005873 / DRA008908,Nagano / Honjo et al,Grown in wild,Illumina HiSeq 2000 SE 50bp,14.5,24.9,0.8,0,579065.3
182,SS2013_087,2013,6,28,10,6.833333333333333,6.833333333333333,DRA005871 / DRA005872 / DRA005873 / DRA008908,Nagano / Honjo et al,Grown in wild,Illumina HiSeq 2000 SE 50bp,14.5,24.9,0.8,0,0
183,SS2013_088,2013,6,28,10,6.833333333333333,6.833333333333333,DRA005871 / DRA005872 / DRA005873 / DRA008908,Nagano / Honjo et al,Grown in wild,Illumina HiSeq 2000 SE 50bp,14.5,24.9,0.8,0,0
184,SS2013_089,2013,6,28,12,8.833333333333334,8.833333333333334,DRA005871 / DRA005872 / DRA005873 / DRA008908,Nagano / Honjo et al,Grown in wild,Illumina HiSeq 2000 SE 50bp,14.5,28.1,1.8,0,180391.4
185,SS2013_090,2013,6,28,12,8.833333333333334,8.833333333333334,DRA005871 / DRA005872 / DRA005873 / DRA008908,Nagano / Honjo et al,Grown in wild,Illumina HiSeq 2000 SE 50bp,14.5,28.1,1.8,0,654939.3
186,SS2013_091,2013,6,28,12,8.833333333333334,8.833333333333334,DRA005871 / DRA005872 / DRA005873 / DRA008908,Nagano / Honjo et al,Grown in wild,Illumina HiSeq 2000 SE 50bp,14.5,28.1,1.8,0,0
187,SS2013_092,2013,6,28,12,8.833333333333334,8.833333333333334,DRA005871 / DRA005872 / DRA005873 / DRA008908,Nagano / Honjo et al,Grown in wild,Illumina HiSeq 2000 SE 50bp,14.5,28.1,1.8,0,464497.1
188,SS2013_093,2013,6,28,14,10.833333333333334,10.833333333333334,DRA005871 / DRA005872 / DRA005873 / DRA008908,Nagano / Honjo et al,Grown in wild,Illumina HiSeq 2000 SE 50bp,14.5,28.7,1.9,0,206459.2
189,SS2013_094,2013,6,28,14,10.833333333333334,10.833333333333334,DRA005871 / DRA005872 / DRA005873 / DRA008908,Nagano / Honjo et al,Grown in wild,Illumina HiSeq 2000 SE 50bp,14.5,28.7,1.9,0,497125.1
190,SS2013_095,2013,6,28,14,10.833333333333334,10.833333333333334,DRA005871 / DRA005872 / DRA005873 / DRA008908,Nagano / Honjo et al,Grown in wild,Illumina HiSeq 2000 SE 50bp,14.5,28.7,1.9,0,36739.9
191,SS2013_096,2013,6,28,14,10.833333333333334,10.833333333333334,DRA005871 / DRA005872 / DRA005873 / DRA008908,Nagano / Honjo et al,Grown in wild,Illumina HiSeq 2000 SE 50bp,14.5,28.7,1.9,0,191462.5
192,AE2013_001,2013,9,24,16,11.85,11.85,DRA005871 / DRA005872 / DRA005873 / DRA008908,Nagano / Honjo et al,Grown in wild,Illumina HiSeq 2000 SE 50bp,12.1,28.4,0.7,0,194446.2
193,AE2013_002,2013,9,24,16,11.85,11.85,DRA005871 / DRA005872 / DRA005873 / DRA008908,Nagano / Honjo et al,Grown in wild,Illumina HiSeq 2000 SE 50bp,12.1,28.4,0.7,0,43369.8
194,AE2013_003,2013,9,24,16,11.85,11.85,DRA005871 / DRA005872 / DRA005873 / DRA008908,Nagano / Honjo et al,Grown in wild,Illumina HiSeq 2000 SE 50bp,12.1,28.4,0.7,0,0
195,AE2013_004,2013,9,24,16,11.85,11.85,DRA005871 / DRA005872 / DRA005873 / DRA008908,Nagano / Honjo et al,Grown in wild,Illumina HiSeq 2000 SE 50bp,12.1,28.4,0.7,0,0
196,AE2013_005,2013,9,24,18,13.85,13.85,DRA005871 / DRA005872 / DRA005873 / DRA008908,Nagano / Honjo et al,Grown in wild,Illumina HiSeq 2000 SE 50bp,12.1,24.7,0.3,0,153487.1
197,AE2013_006,2013,9,24,18,13.85,13.85,DRA005871 / DRA005872 / DRA005873 / DRA008908,Nagano / Honjo et al,Grown in wild,Illumina HiSeq 2000 SE 50bp,12.1,24.7,0.3,0,425033.5
198,AE2013_007,2013,9,24,18,13.85,13.85,DRA005871 / DRA005872 / DRA005873 / DRA008908,Nagano / Honjo et al,Grown in wild,Illumina HiSeq 2000 SE 50bp,12.1,24.7,0.3,0,0
199,AE2013_008,2013,9,24,18,13.85,13.85,DRA005871 / DRA005872 / DRA005873 / DRA008908,Nagano / Honjo et al,Grown in wild,Illumina HiSeq 2000 SE 50bp,12.1,,,,
200,AE2013_009,2013,9,24,20,15.85,15.85,DRA005871 / DRA005872 / DRA005873 / DRA008908,Nagano / Honjo et al,Grown in wild,Illumina HiSeq 2000 SE 50bp,12.1,21.6,0.2,0,50635
201,AE2013_010,2013,9,24,20,15.85,15.85,DRA005871 / DRA005872 / DRA005873 / DRA008908,Nagano / Honjo et al,Grown in wild,Illumina HiSeq 2000 SE 50bp,12.1,21.6,0.2,0,231861.8
202,AE2013_011,2013,9,24,20,15.85,15.85,DRA005871 / DRA005872 / DRA005873 / DRA008908,Nagano / Honjo et al,Grown in wild,Illumina HiSeq 2000 SE 50bp,12.1,21.6,0.2,0,192802
203,AE2013_012,2013,9,24,20,15.85,15.85,DRA005871 / DRA005872 / DRA005873 / DRA008908,Nagano / Honjo et al,Grown in wild,Illumina HiSeq 2000 SE 50bp,12.1,21.6,0.2,0,0
204,AE2013_013,2013,9,24,22,17.85,17.85,DRA005871 / DRA005872 / DRA005873 / DRA008908,Nagano / Honjo et al,Grown in wild,Illumina HiSeq 2000 SE 50bp,12.1,20.4,0.5,0,31735.6
205,AE2013_014,2013,9,24,22,17.85,17.85,DRA005871 / DRA005872 / DRA005873 / DRA008908,Nagano / Honjo et al,Grown in wild,Illumina HiSeq 2000 SE 50bp,12.1,20.4,0.5,0,72810
206,AE2013_015,2013,9,24,22,17.85,17.85,DRA005871 / DRA005872 / DRA005873 / DRA008908,Nagano / Honjo et al,Grown in wild,Illumina HiSeq 2000 SE 50bp,12.1,20.4,0.5,0,43535.2
207,AE2013_016,2013,9,24,22,17.85,17.85,DRA005871 / DRA005872 / DRA005873 / DRA008908,Nagano / Honjo et al,Grown in wild,Illumina HiSeq 2000 SE 50bp,12.1,20.4,0.5,0,433494.3
208,AE2013_017,2013,9,25,0,19.866666666666667,19.866666666666667,DRA005871 / DRA005872 / DRA005873 / DRA008908,Nagano / Honjo et al,Grown in wild,Illumina HiSeq 2000 SE 50bp,12.05,19.2,0.2,0,433022.8
209,AE2013_018,2013,9,25,0,19.866666666666667,19.866666666666667,DRA005871 / DRA005872 / DRA005873 / DRA008908,Nagano / Honjo et al,Grown in wild,Illumina HiSeq 2000 SE 50bp,12.05,19.2,0.2,0,7220.9
210,AE2013_019,2013,9,25,0,19.866666666666667,19.866666666666667,DRA005871 / DRA005872 / DRA005873 / DRA008908,Nagano / Honjo et al,Grown in wild,Illumina HiSeq 2000 SE 50bp,12.05,19.2,0.2,0,98789.1
211,AE2013_020,2013,9,25,0,19.866666666666667,19.866666666666667,DRA005871 / DRA005872 / DRA005873 / DRA008908,Nagano / Honjo et al,Grown in wild,Illumina HiSeq 2000 SE 50bp,12.05,19.2,0.2,0,0
212,AE2013_021,2013,9,25,2,21.866666666666667,21.866666666666667,DRA005871 / DRA005872 / DRA005873 / DRA008908,Nagano / Honjo et al,Grown in wild,Illumina HiSeq 2000 SE 50bp,12.05,18.6,0.4,0,507594.4
213,AE2013_022,2013,9,25,2,21.866666666666667,21.866666666666667,DRA005871 / DRA005872 / DRA005873 / DRA008908,Nagano / Honjo et al,Grown in wild,Illumina HiSeq 2000 SE 50bp,12.05,18.6,0.4,0,0
214,AE2013_023,2013,9,25,2,21.866666666666667,21.866666666666667,DRA005871 / DRA005872 / DRA005873 / DRA008908,Nagano / Honjo et al,Grown in wild,Illumina HiSeq 2000 SE 50bp,12.05,18.6,0.4,0,0
215,AE2013_024,2013,9,25,2,21.866666666666667,21.866666666666667,DRA005871 / DRA005872 / DRA005873 / DRA008908,Nagano / Honjo et al,Grown in wild,Illumina HiSeq 2000 SE 50bp,12.05,,,,
216,AE2013_025,2013,9,25,4,23.866666666666667,23.866666666666667,DRA005871 / DRA005872 / DRA005873 / DRA008908,Nagano / Honjo et al,Grown in wild,Illumina HiSeq 2000 SE 50bp,12.05,18.6,0.4,0,503577.8
217,AE2013_026,2013,9,25,4,23.866666666666667,23.866666666666667,DRA005871 / DRA005872 / DRA005873 / DRA008908,Nagano / Honjo et al,Grown in wild,Illumina HiSeq 2000 SE 50bp,12.05,18.6,0.4,0,181.1
218,AE2013_027,2013,9,25,4,23.866666666666667,23.866666666666667,DRA005871 / DRA005872 / DRA005873 / DRA008908,Nagano / Honjo et al,Grown in wild,Illumina HiSeq 2000 SE 50bp,12.05,18.6,0.4,0,0
219,AE2013_028,2013,9,25,4,23.866666666666667,23.866666666666667,DRA005871 / DRA005872 / DRA005873 / DRA008908,Nagano / Honjo et al,Grown in wild,Illumina HiSeq 2000 SE 50bp,12.05,18.6,0.4,0,575800.1
220,AE2013_029,2013,9,25,6,1.8666666666666667,1.8666666666666667,DRA005871 / DRA005872 / DRA005873 / DRA008908,Nagano / Honjo et al,Grown in wild,Illumina HiSeq 2000 SE 50bp,12.05,17.9,0.5,0,215671.6
221,AE2013_030,2013,9,25,6,1.8666666666666667,1.8666666666666667,DRA005871 / DRA005872 / DRA005873 / DRA008908,Nagano / Honjo et al,Grown in wild,Illumina HiSeq 2000 SE 50bp,12.05,17.9,0.5,0,0
222,AE2013_031,2013,9,25,6,1.8666666666666667,1.8666666666666667,DRA005871 / DRA005872 / DRA005873 / DRA008908,Nagano / Honjo et al,Grown in wild,Illumina HiSeq 2000 SE 50bp,12.05,17.9,0.5,0,0
223,AE2013_032,2013,9,25,6,1.8666666666666667,1.8666666666666667,DRA005871 / DRA005872 / DRA005873 / DRA008908,Nagano / Honjo et al,Grown in wild,Illumina HiSeq 2000 SE 50bp,12.05,,,,
224,AE2013_033,2013,9,25,8,3.8666666666666667,3.8666666666666667,DRA005871 / DRA005872 / DRA005873 / DRA008908,Nagano / Honjo et al,Grown in wild,Illumina HiSeq 2000 SE 50bp,12.05,21,0.4,0,170564.1
225,AE2013_034,2013,9,25,8,3.8666666666666667,3.8666666666666667,DRA005871 / DRA005872 / DRA005873 / DRA008908,Nagano / Honjo et al,Grown in wild,Illumina HiSeq 2000 SE 50bp,12.05,21,0.4,0,180788
226,AE2013_035,2013,9,25,8,3.8666666666666667,3.8666666666666667,DRA005871 / DRA005872 / DRA005873 / DRA008908,Nagano / Honjo et al,Grown in wild,Illumina HiSeq 2000 SE 50bp,12.05,21,0.4,0,0
227,AE2013_036,2013,9,25,8,3.8666666666666667,3.8666666666666667,DRA005871 / DRA005872 / DRA005873 / DRA008908,Nagano / Honjo et al,Grown in wild,Illumina HiSeq 2000 SE 50bp,12.05,21,0.4,0,0
228,AE2013_037,2013,9,25,10,5.866666666666667,5.866666666666667,DRA005871 / DRA005872 / DRA005873 / DRA008908,Nagano / Honjo et al,Grown in wild,Illumina HiSeq 2000 SE 50bp,12.05,27.2,0.3,0,269509.7
229,AE2013_038,2013,9,25,10,5.866666666666667,5.866666666666667,DRA005871 / DRA005872 / DRA005873 / DRA008908,Nagano / Honjo et al,Grown in wild,Illumina HiSeq 2000 SE 50bp,12.05,27.2,0.3,0,399857.3
230,AE2013_039,2013,9,25,10,5.866666666666667,5.866666666666667,DRA005871 / DRA005872 / DRA005873 / DRA008908,Nagano / Honjo et al,Grown in wild,Illumina HiSeq 2000 SE 50bp,12.05,27.2,0.3,0,182780.5
231,AE2013_040,2013,9,25,10,5.866666666666667,5.866666666666667,DRA005871 / DRA005872 / DRA005873 / DRA008908,Nagano / Honjo et al,Grown in wild,Illumina HiSeq 2000 SE 50bp,12.05,,,,
232,AE2013_041,2013,9,25,12,7.866666666666667,7.866666666666667,DRA005871 / DRA005872 / DRA005873 / DRA008908,Nagano / Honjo et al,Grown in wild,Illumina HiSeq 2000 SE 50bp,12.05,30,1.1,0,126246.9
233,AE2013_042,2013,9,25,12,7.866666666666667,7.866666666666667,DRA005871 / DRA005872 / DRA005873 / DRA008908,Nagano / Honjo et al,Grown in wild,Illumina HiSeq 2000 SE 50bp,12.05,30,1.1,0,338905.8
234,AE2013_043,2013,9,25,12,7.866666666666667,7.866666666666667,DRA005871 / DRA005872 / DRA005873 / DRA008908,Nagano / Honjo et al,Grown in wild,Illumina HiSeq 2000 SE 50bp,12.05,30,1.1,0,0
235,AE2013_044,2013,9,25,12,7.866666666666667,7.866666666666667,DRA005871 / DRA005872 / DRA005873 / DRA008908,Nagano / Honjo et al,Grown in wild,Illumina HiSeq 2000 SE 50bp,12.05,30,1.1,0,0
236,AE2013_045,2013,9,25,14,9.866666666666667,9.866666666666667,DRA005871 / DRA005872 / DRA005873 / DRA008908,Nagano / Honjo et al,Grown in wild,Illumina HiSeq 2000 SE 50bp,12.05,30.9,2.6,0,0
237,AE2013_046,2013,9,25,14,9.866666666666667,9.866666666666667,DRA005871 / DRA005872 / DRA005873 / DRA008908,Nagano / Honjo et al,Grown in wild,Illumina HiSeq 2000 SE 50bp,12.05,30.9,2.6,0,0
238,AE2013_047,2013,9,25,14,9.866666666666667,9.866666666666667,DRA005871 / DRA005872 / DRA005873 / DRA008908,Nagano / Honjo et al,Grown in wild,Illumina HiSeq 2000 SE 50bp,12.05,30.9,2.6,0,0
239,AE2013_048,2013,9,25,16,11.866666666666667,11.866666666666667,DRA005871 / DRA005872 / DRA005873 / DRA008908,Nagano / Honjo et al,Grown in wild,Illumina HiSeq 2000 SE 50bp,12.05,,,,
240,AE2013_049,2013,9,25,16,11.866666666666667,11.866666666666667,DRA005871 / DRA005872 / DRA005873 / DRA008908,Nagano / Honjo et al,Grown in wild,Illumina HiSeq 2000 SE 50bp,12.05,29.4,2.8,0,303628.6
241,AE2013_050,2013,9,25,16,11.866666666666667,11.866666666666667,DRA005871 / DRA005872 / DRA005873 / DRA008908,Nagano / Honjo et al,Grown in wild,Illumina HiSeq 2000 SE 50bp,12.05,29.4,2.8,0,0
242,AE2013_051,2013,9,25,16,11.866666666666667,11.866666666666667,DRA005871 / DRA005872 / DRA005873 / DRA008908,Nagano / Honjo et al,Grown in wild,Illumina HiSeq 2000 SE 50bp,12.05,29.4,2.8,0,224018.6
243,AE2013_052,2013,9,25,18,13.866666666666667,13.866666666666667,DRA005871 / DRA005872 / DRA005873 / DRA008908,Nagano / Honjo et al,Grown in wild,Illumina HiSeq 2000 SE 50bp,12.05,26.3,1.2,0,384402.4
244,AE2013_053,2013,9,25,18,13.866666666666667,13.866666666666667,DRA005871 / DRA005872 / DRA005873 / DRA008908,Nagano / Honjo et al,Grown in wild,Illumina HiSeq 2000 SE 50bp,12.05,26.3,1.2,0,14840.4
245,AE2013_054,2013,9,25,18,13.866666666666667,13.866666666666667,DRA005871 / DRA005872 / DRA005873 / DRA008908,Nagano / Honjo et al,Grown in wild,Illumina HiSeq 2000 SE 50bp,12.05,26.3,1.2,0,0
246,AE2013_055,2013,9,25,18,13.866666666666667,13.866666666666667,DRA005871 / DRA005872 / DRA005873 / DRA008908,Nagano / Honjo et al,Grown in wild,Illumina HiSeq 2000 SE 50bp,12.05,26.3,1.2,0,136209
247,AE2013_056,2013,9,25,20,15.866666666666667,15.866666666666667,DRA005871 / DRA005872 / DRA005873 / DRA008908,Nagano / Honjo et al,Grown in wild,Illumina HiSeq 2000 SE 50bp,12.05,,,,
248,AE2013_057,2013,9,25,20,15.866666666666667,15.866666666666667,DRA005871 / DRA005872 / DRA005873 / DRA008908,Nagano / Honjo et al,Grown in wild,Illumina HiSeq 2000 SE 50bp,12.05,24.9,2.3,0,177705.3
249,AE2013_058,2013,9,25,20,15.866666666666667,15.866666666666667,DRA005871 / DRA005872 / DRA005873 / DRA008908,Nagano / Honjo et al,Grown in wild,Illumina HiSeq 2000 SE 50bp,12.05,24.9,2.3,0,138189.6
250,AE2013_059,2013,9,25,20,15.866666666666667,15.866666666666667,DRA005871 / DRA005872 / DRA005873 / DRA008908,Nagano / Honjo et al,Grown in wild,Illumina HiSeq 2000 SE 50bp,12.05,24.9,2.3,0,0
251,AE2013_060,2013,9,25,22,17.866666666666667,17.866666666666667,DRA005871 / DRA005872 / DRA005873 / DRA008908,Nagano / Honjo et al,Grown in wild,Illumina HiSeq 2000 SE 50bp,12.05,23.3,2.3,0,482269.3
252,AE2013_061,2013,9,25,22,17.866666666666667,17.866666666666667,DRA005871 / DRA005872 / DRA005873 / DRA008908,Nagano / Honjo et al,Grown in wild,Illumina HiSeq 2000 SE 50bp,12.05,23.3,2.3,0,52316.3
253,AE2013_062,2013,9,25,22,17.866666666666667,17.866666666666667,DRA005871 / DRA005872 / DRA005873 / DRA008908,Nagano / Honjo et al,Grown in wild,Illumina HiSeq 2000 SE 50bp,12.05,23.3,2.3,0,0
254,AE2013_063,2013,9,25,22,17.866666666666667,17.866666666666667,DRA005871 / DRA005872 / DRA005873 / DRA008908,Nagano / Honjo et al,Grown in wild,Illumina HiSeq 2000 SE 50bp,12.05,23.3,2.3,0,0
255,AE2013_064,2013,9,26,0,19.866666666666667,19.866666666666667,DRA005871 / DRA005872 / DRA005873 / DRA008908,Nagano / Honjo et al,Grown in wild,Illumina HiSeq 2000 SE 50bp,12.033333333333331,,,,
256,AE2013_065,2013,9,26,0,19.866666666666667,19.866666666666667,DRA005871 / DRA005872 / DRA005873 / DRA008908,Nagano / Honjo et al,Grown in wild,Illumina HiSeq 2000 SE 50bp,12.033333333333331,22.4,3.2,0,0
257,AE2013_066,2013,9,26,0,19.866666666666667,19.866666666666667,DRA005871 / DRA005872 / DRA005873 / DRA008908,Nagano / Honjo et al,Grown in wild,Illumina HiSeq 2000 SE 50bp,12.033333333333331,22.4,3.2,0,0
258,AE2013_067,2013,9,26,0,19.866666666666667,19.866666666666667,DRA005871 / DRA005872 / DRA005873 / DRA008908,Nagano / Honjo et al,Grown in wild,Illumina HiSeq 2000 SE 50bp,12.033333333333331,22.4,3.2,0,213932.4
259,AE2013_068,2013,9,26,2,21.866666666666667,21.866666666666667,DRA005871 / DRA005872 / DRA005873 / DRA008908,Nagano / Honjo et al,Grown in wild,Illumina HiSeq 2000 SE 50bp,12.033333333333331,21.8,2.9,0,30666.9
260,AE2013_069,2013,9,26,2,21.866666666666667,21.866666666666667,DRA005871 / DRA005872 / DRA005873 / DRA008908,Nagano / Honjo et al,Grown in wild,Illumina HiSeq 2000 SE 50bp,12.033333333333331,21.8,2.9,0,331196.5
261,AE2013_070,2013,9,26,2,21.866666666666667,21.866666666666667,DRA005871 / DRA005872 / DRA005873 / DRA008908,Nagano / Honjo et al,Grown in wild,Illumina HiSeq 2000 SE 50bp,12.033333333333331,21.8,2.9,0,278900.7
262,AE2013_071,2013,9,26,2,21.866666666666667,21.866666666666667,DRA005871 / DRA005872 / DRA005873 / DRA008908,Nagano / Honjo et al,Grown in wild,Illumina HiSeq 2000 SE 50bp,12.033333333333331,21.8,2.9,0,0
263,AE2013_072,2013,9,26,4,23.866666666666667,23.866666666666667,DRA005871 / DRA005872 / DRA005873 / DRA008908,Nagano / Honjo et al,Grown in wild,Illumina HiSeq 2000 SE 50bp,12.033333333333331,,,,
264,AE2013_073,2013,9,26,4,23.866666666666667,23.866666666666667,DRA005871 / DRA005872 / DRA005873 / DRA008908,Nagano / Honjo et al,Grown in wild,Illumina HiSeq 2000 SE 50bp,12.033333333333331,20.5,3.3,0,85912.1
265,AE2013_074,2013,9,26,4,23.866666666666667,23.866666666666667,DRA005871 / DRA005872 / DRA005873 / DRA008908,Nagano / Honjo et al,Grown in wild,Illumina HiSeq 2000 SE 50bp,12.033333333333331,20.5,3.3,0,335230.3
266,AE2013_075,2013,9,26,4,23.866666666666667,23.866666666666667,DRA005871 / DRA005872 / DRA005873 / DRA008908,Nagano / Honjo et al,Grown in wild,Illumina HiSeq 2000 SE 50bp,12.033333333333331,20.5,3.3,0,0
267,AE2013_076,2013,9,26,6,1.8666666666666667,1.8666666666666667,DRA005871 / DRA005872 / DRA005873 / DRA008908,Nagano / Honjo et al,Grown in wild,Illumina HiSeq 2000 SE 50bp,12.033333333333331,19.3,4.2,0,570437.4
268,AE2013_077,2013,9,26,6,1.8666666666666667,1.8666666666666667,DRA005871 / DRA005872 / DRA005873 / DRA008908,Nagano / Honjo et al,Grown in wild,Illumina HiSeq 2000 SE 50bp,12.033333333333331,19.3,4.2,0,0
269,AE2013_078,2013,9,26,6,1.8666666666666667,1.8666666666666667,DRA005871 / DRA005872 / DRA005873 / DRA008908,Nagano / Honjo et al,Grown in wild,Illumina HiSeq 2000 SE 50bp,12.033333333333331,19.3,4.2,0,0
270,AE2013_079,2013,9,26,6,1.8666666666666667,1.8666666666666667,DRA005871 / DRA005872 / DRA005873 / DRA008908,Nagano / Honjo et al,Grown in wild,Illumina HiSeq 2000 SE 50bp,12.033333333333331,19.3,4.2,0,150770.6
271,AE2013_080,2013,9,26,8,3.8666666666666667,3.8666666666666667,DRA005871 / DRA005872 / DRA005873 / DRA008908,Nagano / Honjo et al,Grown in wild,Illumina HiSeq 2000 SE 50bp,12.033333333333331,,,,
272,AE2013_081,2013,9,26,8,3.8666666666666667,3.8666666666666667,DRA005871 / DRA005872 / DRA005873 / DRA008908,Nagano / Honjo et al,Grown in wild,Illumina HiSeq 2000 SE 50bp,12.033333333333331,20.4,2.9,0,130451.1
273,AE2013_082,2013,9,26,8,3.8666666666666667,3.8666666666666667,DRA005871 / DRA005872 / DRA005873 / DRA008908,Nagano / Honjo et al,Grown in wild,Illumina HiSeq 2000 SE 50bp,12.033333333333331,20.4,2.9,0,0
274,AE2013_083,2013,9,26,8,3.8666666666666667,3.8666666666666667,DRA005871 / DRA005872 / DRA005873 / DRA008908,Nagano / Honjo et al,Grown in wild,Illumina HiSeq 2000 SE 50bp,12.033333333333331,20.4,2.9,0,0
275,AE2013_084,2013,9,26,10,5.866666666666667,5.866666666666667,DRA005871 / DRA005872 / DRA005873 / DRA008908,Nagano / Honjo et al,Grown in wild,Illumina HiSeq 2000 SE 50bp,12.033333333333331,21.2,3.8,0,487931.6
276,AE2013_085,2013,9,26,10,5.866666666666667,5.866666666666667,DRA005871 / DRA005872 / DRA005873 / DRA008908,Nagano / Honjo et al,Grown in wild,Illumina HiSeq 2000 SE 50bp,12.033333333333331,21.2,3.8,0,0
277,AE2013_086,2013,9,26,10,5.866666666666667,5.866666666666667,DRA005871 / DRA005872 / DRA005873 / DRA008908,Nagano / Honjo et al,Grown in wild,Illumina HiSeq 2000 SE 50bp,12.033333333333331,21.2,3.8,0,0
278,AE2013_087,2013,9,26,10,5.866666666666667,5.866666666666667,DRA005871 / DRA005872 / DRA005873 / DRA008908,Nagano / Honjo et al,Grown in wild,Illumina HiSeq 2000 SE 50bp,12.033333333333331,21.2,3.8,0,0
279,AE2013_088,2013,9,26,12,7.866666666666667,7.866666666666667,DRA005871 / DRA005872 / DRA005873 / DRA008908,Nagano / Honjo et al,Grown in wild,Illumina HiSeq 2000 SE 50bp,12.033333333333331,23.3,4.6,0,300988
280,AE2013_089,2013,9,26,12,7.866666666666667,7.866666666666667,DRA005871 / DRA005872 / DRA005873 / DRA008908,Nagano / Honjo et al,Grown in wild,Illumina HiSeq 2000 SE 50bp,12.033333333333331,23.3,4.6,0,41834
281,AE2013_090,2013,9,26,12,7.866666666666667,7.866666666666667,DRA005871 / DRA005872 / DRA005873 / DRA008908,Nagano / Honjo et al,Grown in wild,Illumina HiSeq 2000 SE 50bp,12.033333333333331,23.3,4.6,0,0
282,AE2013_091,2013,9,26,12,7.866666666666667,7.866666666666667,DRA005871 / DRA005872 / DRA005873 / DRA008908,Nagano / Honjo et al,Grown in wild,Illumina HiSeq 2000 SE 50bp,12.033333333333331,23.3,4.6,0,0
283,AE2013_092,2013,9,26,14,9.866666666666667,9.866666666666667,DRA005871 / DRA005872 / DRA005873 / DRA008908,Nagano / Honjo et al,Grown in wild,Illumina HiSeq 2000 SE 50bp,12.033333333333331,23,3.4,,140376.6
284,AE2013_093,2013,9,26,14,9.866666666666667,9.866666666666667,DRA005871 / DRA005872 / DRA005873 / DRA008908,Nagano / Honjo et al,Grown in wild,Illumina HiSeq 2000 SE 50bp,12.033333333333331,23,3.4,,0
285,AE2013_094,2013,9,26,14,9.866666666666667,9.866666666666667,DRA005871 / DRA005872 / DRA005873 / DRA008908,Nagano / Honjo et al,Grown in wild,Illumina HiSeq 2000 SE 50bp,12.033333333333331,23,3.4,,0
286,AE2013_095,2013,9,26,14,9.866666666666667,9.866666666666667,DRA005871 / DRA005872 / DRA005873 / DRA008908,Nagano / Honjo et al,Grown in wild,Illumina HiSeq 2000 SE 50bp,12.033333333333331,23,3.4,,0
287,WS2013_001,2013,12,24,16,9.116666666666667,9.116666666666667,DRA005871 / DRA005872 / DRA005873 / DRA008908,Nagano / Honjo et al,Grown in wild,Illumina HiSeq 2000 SE 50bp,9.8,6.2,3.2,0,125277.4
288,WS2013_002,2013,12,24,16,9.116666666666667,9.116666666666667,DRA005871 / DRA005872 / DRA005873 / DRA008908,Nagano / Honjo et al,Grown in wild,Illumina HiSeq 2000 SE 50bp,9.8,6.2,3.2,0,50562.5
289,WS2013_003,2013,12,24,16,9.116666666666667,9.116666666666667,DRA005871 / DRA005872 / DRA005873 / DRA008908,Nagano / Honjo et al,Grown in wild,Illumina HiSeq 2000 SE 50bp,9.8,6.2,3.2,0,795.5
290,WS2013_004,2013,12,24,16,9.116666666666667,9.116666666666667,DRA005871 / DRA005872 / DRA005873 / DRA008908,Nagano / Honjo et al,Grown in wild,Illumina HiSeq 2000 SE 50bp,9.8,6.2,3.2,0,0
291,WS2013_005,2013,12,24,18,11.116666666666667,11.116666666666667,DRA005871 / DRA005872 / DRA005873 / DRA008908,Nagano / Honjo et al,Grown in wild,Illumina HiSeq 2000 SE 50bp,9.8,5,2.5,0,1109774.2
292,WS2013_006,2013,12,24,18,11.116666666666667,11.116666666666667,DRA005871 / DRA005872 / DRA005873 / DRA008908,Nagano / Honjo et al,Grown in wild,Illumina HiSeq 2000 SE 50bp,9.8,5,2.5,0,22127.1
293,WS2013_007,2013,12,24,18,11.116666666666667,11.116666666666667,DRA005871 / DRA005872 / DRA005873 / DRA008908,Nagano / Honjo et al,Grown in wild,Illumina HiSeq 2000 SE 50bp,9.8,5,2.5,0,0
294,WS2013_008,2013,12,24,18,11.116666666666667,11.116666666666667,DRA005871 / DRA005872 / DRA005873 / DRA008908,Nagano / Honjo et al,Grown in wild,Illumina HiSeq 2000 SE 50bp,9.8,5,2.5,0,40569.3
295,WS2013_009,2013,12,24,20,13.116666666666667,13.116666666666667,DRA005871 / DRA005872 / DRA005873 / DRA008908,Nagano / Honjo et al,Grown in wild,Illumina HiSeq 2000 SE 50bp,9.8,4.2,0.3,0,29742.7
296,WS2013_010,2013,12,24,20,13.116666666666667,13.116666666666667,DRA005871 / DRA005872 / DRA005873 / DRA008908,Nagano / Honjo et al,Grown in wild,Illumina HiSeq 2000 SE 50bp,9.8,4.2,0.3,0,4644
297,WS2013_011,2013,12,24,20,13.116666666666667,13.116666666666667,DRA005871 / DRA005872 / DRA005873 / DRA008908,Nagano / Honjo et al,Grown in wild,Illumina HiSeq 2000 SE 50bp,9.8,4.2,0.3,0,0
298,WS2013_012,2013,12,24,20,13.116666666666667,13.116666666666667,DRA005871 / DRA005872 / DRA005873 / DRA008908,Nagano / Honjo et al,Grown in wild,Illumina HiSeq 2000 SE 50bp,9.8,4.2,0.3,0,0
299,WS2013_013,2013,12,24,22,15.116666666666667,15.116666666666667,DRA005871 / DRA005872 / DRA005873 / DRA008908,Nagano / Honjo et al,Grown in wild,Illumina HiSeq 2000 SE 50bp,9.8,4,0.1,0,8123.2
300,WS2013_014,2013,12,24,22,15.116666666666667,15.116666666666667,DRA005871 / DRA005872 / DRA005873 / DRA008908,Nagano / Honjo et al,Grown in wild,Illumina HiSeq 2000 SE 50bp,9.8,4,0.1,0,0
301,WS2013_015,2013,12,24,22,15.116666666666667,15.116666666666667,DRA005871 / DRA005872 / DRA005873 / DRA008908,Nagano / Honjo et al,Grown in wild,Illumina HiSeq 2000 SE 50bp,9.8,4,0.1,0,0
302,WS2013_016,2013,12,24,22,15.116666666666667,15.116666666666667,DRA005871 / DRA005872 / DRA005873 / DRA008908,Nagano / Honjo et al,Grown in wild,Illumina HiSeq 2000 SE 50bp,9.8,4,0.1,0,0
303,WS2013_017,2013,12,25,0,17.133333333333333,17.133333333333333,DRA005871 / DRA005872 / DRA005873 / DRA008908,Nagano / Honjo et al,Grown in wild,Illumina HiSeq 2000 SE 50bp,9.8,3.1,0.1,0,21898.3
304,WS2013_018,2013,12,25,0,17.133333333333333,17.133333333333333,DRA005871 / DRA005872 / DRA005873 / DRA008908,Nagano / Honjo et al,Grown in wild,Illumina HiSeq 2000 SE 50bp,9.8,3.1,0.1,0,48399.3
305,WS2013_019,2013,12,25,0,17.133333333333333,17.133333333333333,DRA005871 / DRA005872 / DRA005873 / DRA008908,Nagano / Honjo et al,Grown in wild,Illumina HiSeq 2000 SE 50bp,9.8,3.1,0.1,0,0
306,WS2013_020,2013,12,25,0,17.133333333333333,17.133333333333333,DRA005871 / DRA005872 / DRA005873 / DRA008908,Nagano / Honjo et al,Grown in wild,Illumina HiSeq 2000 SE 50bp,9.8,3.1,0.1,0,21679.2
307,WS2013_021,2013,12,25,2,19.133333333333333,19.133333333333333,DRA005871 / DRA005872 / DRA005873 / DRA008908,Nagano / Honjo et al,Grown in wild,Illumina HiSeq 2000 SE 50bp,9.8,2.6,0.1,0,24014.9
308,WS2013_022,2013,12,25,2,19.133333333333333,19.133333333333333,DRA005871 / DRA005872 / DRA005873 / DRA008908,Nagano / Honjo et al,Grown in wild,Illumina HiSeq 2000 SE 50bp,9.8,2.6,0.1,0,24150.7
309,WS2013_023,2013,12,25,2,19.133333333333333,19.133333333333333,DRA005871 / DRA005872 / DRA005873 / DRA008908,Nagano / Honjo et al,Grown in wild,Illumina HiSeq 2000 SE 50bp,9.8,2.6,0.1,0,0
310,WS2013_024,2013,12,25,2,19.133333333333333,19.133333333333333,DRA005871 / DRA005872 / DRA005873 / DRA008908,Nagano / Honjo et al,Grown in wild,Illumina HiSeq 2000 SE 50bp,9.8,2.6,0.1,0,0
311,WS2013_025,2013,12,25,4,21.133333333333333,21.133333333333333,DRA005871 / DRA005872 / DRA005873 / DRA008908,Nagano / Honjo et al,Grown in wild,Illumina HiSeq 2000 SE 50bp,9.8,2.5,0,0,110055.8
312,WS2013_026,2013,12,25,4,21.133333333333333,21.133333333333333,DRA005871 / DRA005872 / DRA005873 / DRA008908,Nagano / Honjo et al,Grown in wild,Illumina HiSeq 2000 SE 50bp,9.8,2.5,0,0,12915
313,WS2013_027,2013,12,25,4,21.133333333333333,21.133333333333333,DRA005871 / DRA005872 / DRA005873 / DRA008908,Nagano / Honjo et al,Grown in wild,Illumina HiSeq 2000 SE 50bp,9.8,2.5,0,0,0
314,WS2013_028,2013,12,25,4,21.133333333333333,21.133333333333333,DRA005871 / DRA005872 / DRA005873 / DRA008908,Nagano / Honjo et al,Grown in wild,Illumina HiSeq 2000 SE 50bp,9.8,2.5,0,0,0
315,WS2013_029,2013,12,25,6,23.133333333333333,23.133333333333333,DRA005871 / DRA005872 / DRA005873 / DRA008908,Nagano / Honjo et al,Grown in wild,Illumina HiSeq 2000 SE 50bp,9.8,2.5,0.2,0,318204.7
316,WS2013_030,2013,12,25,6,23.133333333333333,23.133333333333333,DRA005871 / DRA005872 / DRA005873 / DRA008908,Nagano / Honjo et al,Grown in wild,Illumina HiSeq 2000 SE 50bp,9.8,2.5,0.2,0,0
317,WS2013_031,2013,12,25,6,23.133333333333333,23.133333333333333,DRA005871 / DRA005872 / DRA005873 / DRA008908,Nagano / Honjo et al,Grown in wild,Illumina HiSeq 2000 SE 50bp,9.8,2.5,0.2,0,64467.2
318,WS2013_032,2013,12,25,6,23.133333333333333,23.133333333333333,DRA005871 / DRA005872 / DRA005873 / DRA008908,Nagano / Honjo et al,Grown in wild,Illumina HiSeq 2000 SE 50bp,9.8,2.5,0.2,0,0
319,WS2013_033,2013,12,25,8,1.1333333333333333,1.1333333333333333,DRA005871 / DRA005872 / DRA005873 / DRA008908,Nagano / Honjo et al,Grown in wild,Illumina HiSeq 2000 SE 50bp,9.8,1.3,0.6,0,269539.1
320,WS2013_034,2013,12,25,8,1.1333333333333333,1.1333333333333333,DRA005871 / DRA005872 / DRA005873 / DRA008908,Nagano / Honjo et al,Grown in wild,Illumina HiSeq 2000 SE 50bp,9.8,1.3,0.6,0,219970.4
321,WS2013_035,2013,12,25,8,1.1333333333333333,1.1333333333333333,DRA005871 / DRA005872 / DRA005873 / DRA008908,Nagano / Honjo et al,Grown in wild,Illumina HiSeq 2000 SE 50bp,9.8,1.3,0.6,0,0
322,WS2013_036,2013,12,25,8,1.1333333333333333,1.1333333333333333,DRA005871 / DRA005872 / DRA005873 / DRA008908,Nagano / Honjo et al,Grown in wild,Illumina HiSeq 2000 SE 50bp,9.8,1.3,0.6,0,0
323,WS2013_037,2013,12,25,10,3.1333333333333333,3.1333333333333333,DRA005871 / DRA005872 / DRA005873 / DRA008908,Nagano / Honjo et al,Grown in wild,Illumina HiSeq 2000 SE 50bp,9.8,6.4,0.3,0,6650.5
324,WS2013_038,2013,12,25,10,3.1333333333333333,3.1333333333333333,DRA005871 / DRA005872 / DRA005873 / DRA008908,Nagano / Honjo et al,Grown in wild,Illumina HiSeq 2000 SE 50bp,9.8,6.4,0.3,0,11052
325,WS2013_039,2013,12,25,10,3.1333333333333333,3.1333333333333333,DRA005871 / DRA005872 / DRA005873 / DRA008908,Nagano / Honjo et al,Grown in wild,Illumina HiSeq 2000 SE 50bp,9.8,6.4,0.3,0,93807
326,WS2013_040,2013,12,25,10,3.1333333333333333,3.1333333333333333,DRA005871 / DRA005872 / DRA005873 / DRA008908,Nagano / Honjo et al,Grown in wild,Illumina HiSeq 2000 SE 50bp,9.8,6.4,0.3,0,70481.9
327,WS2013_041,2013,12,25,12,5.133333333333334,5.133333333333334,DRA005871 / DRA005872 / DRA005873 / DRA008908,Nagano / Honjo et al,Grown in wild,Illumina HiSeq 2000 SE 50bp,9.8,8.3,0.7,0,0
328,WS2013_042,2013,12,25,12,5.133333333333334,5.133333333333334,DRA005871 / DRA005872 / DRA005873 / DRA008908,Nagano / Honjo et al,Grown in wild,Illumina HiSeq 2000 SE 50bp,9.8,8.3,0.7,0,13648.2
329,WS2013_043,2013,12,25,12,5.133333333333334,5.133333333333334,DRA005871 / DRA005872 / DRA005873 / DRA008908,Nagano / Honjo et al,Grown in wild,Illumina HiSeq 2000 SE 50bp,9.8,8.3,0.7,0,0
330,WS2013_044,2013,12,25,12,5.133333333333334,5.133333333333334,DRA005871 / DRA005872 / DRA005873 / DRA008908,Nagano / Honjo et al,Grown in wild,Illumina HiSeq 2000 SE 50bp,9.8,8.3,0.7,0,12676.4
331,WS2013_045,2013,12,25,14,7.133333333333334,7.133333333333334,DRA005871 / DRA005872 / DRA005873 / DRA008908,Nagano / Honjo et al,Grown in wild,Illumina HiSeq 2000 SE 50bp,9.8,9.5,0.8,0,142938
332,WS2013_046,2013,12,25,14,7.133333333333334,7.133333333333334,DRA005871 / DRA005872 / DRA005873 / DRA008908,Nagano / Honjo et al,Grown in wild,Illumina HiSeq 2000 SE 50bp,9.8,9.5,0.8,0,144604.8
333,WS2013_047,2013,12,25,14,7.133333333333334,7.133333333333334,DRA005871 / DRA005872 / DRA005873 / DRA008908,Nagano / Honjo et al,Grown in wild,Illumina HiSeq 2000 SE 50bp,9.8,9.5,0.8,0,0
334,WS2013_048,2013,12,25,14,7.133333333333334,7.133333333333334,DRA005871 / DRA005872 / DRA005873 / DRA008908,Nagano / Honjo et al,Grown in wild,Illumina HiSeq 2000 SE 50bp,9.8,9.5,0.8,0,0
335,WS2013_049,2013,12,25,16,9.133333333333333,9.133333333333333,DRA005871 / DRA005872 / DRA005873 / DRA008908,Nagano / Honjo et al,Grown in wild,Illumina HiSeq 2000 SE 50bp,9.8,8.2,1.2,0,209194.6
336,WS2013_050,2013,12,25,16,9.133333333333333,9.133333333333333,DRA005871 / DRA005872 / DRA005873 / DRA008908,Nagano / Honjo et al,Grown in wild,Illumina HiSeq 2000 SE 50bp,9.8,8.2,1.2,0,33437.8
337,WS2013_051,2013,12,25,16,9.133333333333333,9.133333333333333,DRA005871 / DRA005872 / DRA005873 / DRA008908,Nagano / Honjo et al,Grown in wild,Illumina HiSeq 2000 SE 50bp,9.8,8.2,1.2,0,0
338,WS2013_052,2013,12,25,16,9.133333333333333,9.133333333333333,DRA005871 / DRA005872 / DRA005873 / DRA008908,Nagano / Honjo et al,Grown in wild,Illumina HiSeq 2000 SE 50bp,9.8,8.2,1.2,0,20482.3
339,WS2013_053,2013,12,25,18,11.133333333333333,11.133333333333333,DRA005871 / DRA005872 / DRA005873 / DRA008908,Nagano / Honjo et al,Grown in wild,Illumina HiSeq 2000 SE 50bp,9.8,3.9,0.5,0,70798.5
340,WS2013_054,2013,12,25,18,11.133333333333333,11.133333333333333,DRA005871 / DRA005872 / DRA005873 / DRA008908,Nagano / Honjo et al,Grown in wild,Illumina HiSeq 2000 SE 50bp,9.8,3.9,0.5,0,860.2
341,WS2013_055,2013,12,25,18,11.133333333333333,11.133333333333333,DRA005871 / DRA005872 / DRA005873 / DRA008908,Nagano / Honjo et al,Grown in wild,Illumina HiSeq 2000 SE 50bp,9.8,3.9,0.5,0,0
342,WS2013_056,2013,12,25,18,11.133333333333333,11.133333333333333,DRA005871 / DRA005872 / DRA005873 / DRA008908,Nagano / Honjo et al,Grown in wild,Illumina HiSeq 2000 SE 50bp,9.8,3.9,0.5,0,0
343,WS2013_057,2013,12,25,20,13.133333333333333,13.133333333333333,DRA005871 / DRA005872 / DRA005873 / DRA008908,Nagano / Honjo et al,Grown in wild,Illumina HiSeq 2000 SE 50bp,9.8,2,0.1,0,2038.7
344,WS2013_058,2013,12,25,20,13.133333333333333,13.133333333333333,DRA005871 / DRA005872 / DRA005873 / DRA008908,Nagano / Honjo et al,Grown in wild,Illumina HiSeq 2000 SE 50bp,9.8,2,0.1,0,0
345,WS2013_059,2013,12,25,20,13.133333333333333,13.133333333333333,DRA005871 / DRA005872 / DRA005873 / DRA008908,Nagano / Honjo et al,Grown in wild,Illumina HiSeq 2000 SE 50bp,9.8,2,0.1,0,0
346,WS2013_060,2013,12,25,20,13.133333333333333,13.133333333333333,DRA005871 / DRA005872 / DRA005873 / DRA008908,Nagano / Honjo et al,Grown in wild,Illumina HiSeq 2000 SE 50bp,9.8,2,0.1,0,0
347,WS2013_061,2013,12,25,22,15.133333333333333,15.133333333333333,DRA005871 / DRA005872 / DRA005873 / DRA008908,Nagano / Honjo et al,Grown in wild,Illumina HiSeq 2000 SE 50bp,9.8,1.4,0.1,0,116089.3
348,WS2013_062,2013,12,25,22,15.133333333333333,15.133333333333333,DRA005871 / DRA005872 / DRA005873 / DRA008908,Nagano / Honjo et al,Grown in wild,Illumina HiSeq 2000 SE 50bp,9.8,1.4,0.1,0,10711.1
349,WS2013_063,2013,12,25,22,15.133333333333333,15.133333333333333,DRA005871 / DRA005872 / DRA005873 / DRA008908,Nagano / Honjo et al,Grown in wild,Illumina HiSeq 2000 SE 50bp,9.8,1.4,0.1,0,0
350,WS2013_064,2013,12,25,22,15.133333333333333,15.133333333333333,DRA005871 / DRA005872 / DRA005873 / DRA008908,Nagano / Honjo et al,Grown in wild,Illumina HiSeq 2000 SE 50bp,9.8,1.4,0.1,0,0
351,WS2013_065,2013,12,26,0,17.133333333333333,17.133333333333333,DRA005871 / DRA005872 / DRA005873 / DRA008908,Nagano / Honjo et al,Grown in wild,Illumina HiSeq 2000 SE 50bp,9.8,1.4,0.7,0,3926.4
352,WS2013_066,2013,12,26,0,17.133333333333333,17.133333333333333,DRA005871 / DRA005872 / DRA005873 / DRA008908,Nagano / Honjo et al,Grown in wild,Illumina HiSeq 2000 SE 50bp,9.8,1.4,0.7,0,13107.9
353,WS2013_067,2013,12,26,0,17.133333333333333,17.133333333333333,DRA005871 / DRA005872 / DRA005873 / DRA008908,Nagano / Honjo et al,Grown in wild,Illumina HiSeq 2000 SE 50bp,9.8,1.4,0.7,0,0
354,WS2013_068,2013,12,26,0,17.133333333333333,17.133333333333333,DRA005871 / DRA005872 / DRA005873 / DRA008908,Nagano / Honjo et al,Grown in wild,Illumina HiSeq 2000 SE 50bp,9.8,1.4,0.7,0,0
355,WS2013_069,2013,12,26,2,19.133333333333333,19.133333333333333,DRA005871 / DRA005872 / DRA005873 / DRA008908,Nagano / Honjo et al,Grown in wild,Illumina HiSeq 2000 SE 50bp,9.8,1,0,0,239976.7
356,WS2013_070,2013,12,26,2,19.133333333333333,19.133333333333333,DRA005871 / DRA005872 / DRA005873 / DRA008908,Nagano / Honjo et al,Grown in wild,Illumina HiSeq 2000 SE 50bp,9.8,1,0,0,181748.1
357,WS2013_071,2013,12,26,2,19.133333333333333,19.133333333333333,DRA005871 / DRA005872 / DRA005873 / DRA008908,Nagano / Honjo et al,Grown in wild,Illumina HiSeq 2000 SE 50bp,9.8,1,0,0,1787.2
358,WS2013_072,2013,12,26,2,19.133333333333333,19.133333333333333,DRA005871 / DRA005872 / DRA005873 / DRA008908,Nagano / Honjo et al,Grown in wild,Illumina HiSeq 2000 SE 50bp,9.8,1,0,0,107667.1
359,WS2013_073,2013,12,26,4,21.133333333333333,21.133333333333333,DRA005871 / DRA005872 / DRA005873 / DRA008908,Nagano / Honjo et al,Grown in wild,Illumina HiSeq 2000 SE 50bp,9.8,0.9,0.2,0,58812.4
360,WS2013_074,2013,12,26,4,21.133333333333333,21.133333333333333,DRA005871 / DRA005872 / DRA005873 / DRA008908,Nagano / Honjo et al,Grown in wild,Illumina HiSeq 2000 SE 50bp,9.8,0.9,0.2,0,0
361,WS2013_075,2013,12,26,4,21.133333333333333,21.133333333333333,DRA005871 / DRA005872 / DRA005873 / DRA008908,Nagano / Honjo et al,Grown in wild,Illumina HiSeq 2000 SE 50bp,9.8,0.9,0.2,0,0
362,WS2013_076,2013,12,26,4,21.133333333333333,21.133333333333333,DRA005871 / DRA005872 / DRA005873 / DRA008908,Nagano / Honjo et al,Grown in wild,Illumina HiSeq 2000 SE 50bp,9.8,0.9,0.2,0,0
363,WS2013_077,2013,12,26,6,23.133333333333333,23.133333333333333,DRA005871 / DRA005872 / DRA005873 / DRA008908,Nagano / Honjo et al,Grown in wild,Illumina HiSeq 2000 SE 50bp,9.8,1,0.2,0,26508.3
364,WS2013_078,2013,12,26,6,23.133333333333333,23.133333333333333,DRA005871 / DRA005872 / DRA005873 / DRA008908,Nagano / Honjo et al,Grown in wild,Illumina HiSeq 2000 SE 50bp,9.8,1,0.2,0,40479.3
365,WS2013_079,2013,12,26,6,23.133333333333333,23.133333333333333,DRA005871 / DRA005872 / DRA005873 / DRA008908,Nagano / Honjo et al,Grown in wild,Illumina HiSeq 2000 SE 50bp,9.8,1,0.2,0,0
366,WS2013_080,2013,12,26,6,23.133333333333333,23.133333333333333,DRA005871 / DRA005872 / DRA005873 / DRA008908,Nagano / Honjo et al,Grown in wild,Illumina HiSeq 2000 SE 50bp,9.8,1,0.2,0,0
367,WS2013_081,2013,12,26,8,1.1333333333333333,1.1333333333333333,DRA005871 / DRA005872 / DRA005873 / DRA008908,Nagano / Honjo et al,Grown in wild,Illumina HiSeq 2000 SE 50bp,9.8,1.3,0.5,0,5362.3
368,WS2013_082,2013,12,26,8,1.1333333333333333,1.1333333333333333,DRA005871 / DRA005872 / DRA005873 / DRA008908,Nagano / Honjo et al,Grown in wild,Illumina HiSeq 2000 SE 50bp,9.8,1.3,0.5,0,60691.2
369,WS2013_083,2013,12,26,8,1.1333333333333333,1.1333333333333333,DRA005871 / DRA005872 / DRA005873 / DRA008908,Nagano / Honjo et al,Grown in wild,Illumina HiSeq 2000 SE 50bp,9.8,1.3,0.5,0,0
370,WS2013_084,2013,12,26,8,1.1333333333333333,1.1333333333333333,DRA005871 / DRA005872 / DRA005873 / DRA008908,Nagano / Honjo et al,Grown in wild,Illumina HiSeq 2000 SE 50bp,9.8,1.3,0.5,0,0
371,WS2013_085,2013,12,26,10,3.1333333333333333,3.1333333333333333,DRA005871 / DRA005872 / DRA005873 / DRA008908,Nagano / Honjo et al,Grown in wild,Illumina HiSeq 2000 SE 50bp,9.8,4.1,0,0,100659.3
372,WS2013_086,2013,12,26,10,3.1333333333333333,3.1333333333333333,DRA005871 / DRA005872 / DRA005873 / DRA008908,Nagano / Honjo et al,Grown in wild,Illumina HiSeq 2000 SE 50bp,9.8,4.1,0,0,2618.8
373,WS2013_087,2013,12,26,10,3.1333333333333333,3.1333333333333333,DRA005871 / DRA005872 / DRA005873 / DRA008908,Nagano / Honjo et al,Grown in wild,Illumina HiSeq 2000 SE 50bp,9.8,4.1,0,0,96921.6
374,WS2013_088,2013,12,26,10,3.1333333333333333,3.1333333333333333,DRA005871 / DRA005872 / DRA005873 / DRA008908,Nagano / Honjo et al,Grown in wild,Illumina HiSeq 2000 SE 50bp,9.8,4.1,0,0,0
375,WS2013_089,2013,12,26,12,5.133333333333334,5.133333333333334,DRA005871 / DRA005872 / DRA005873 / DRA008908,Nagano / Honjo et al,Grown in wild,Illumina HiSeq 2000 SE 50bp,9.8,5.7,0.5,0,281147.5
376,WS2013_090,2013,12,26,12,5.133333333333334,5.133333333333334,DRA005871 / DRA005872 / DRA005873 / DRA008908,Nagano / Honjo et al,Grown in wild,Illumina HiSeq 2000 SE 50bp,9.8,5.7,0.5,0,1567.5
377,WS2013_091,2013,12,26,12,5.133333333333334,5.133333333333334,DRA005871 / DRA005872 / DRA005873 / DRA008908,Nagano / Honjo et al,Grown in wild,Illumina HiSeq 2000 SE 50bp,9.8,5.7,0.5,0,0
378,WS2013_092,2013,12,26,12,5.133333333333334,5.133333333333334,DRA005871 / DRA005872 / DRA005873 / DRA008908,Nagano / Honjo et al,Grown in wild,Illumina HiSeq 2000 SE 50bp,9.8,5.7,0.5,0,19282.1
379,WS2013_093,2013,12,26,14,7.133333333333334,7.133333333333334,DRA005871 / DRA005872 / DRA005873 / DRA008908,Nagano / Honjo et al,Grown in wild,Illumina HiSeq 2000 SE 50bp,9.8,6.4,0.8,0.5,115520.7
380,WS2013_094,2013,12,26,14,7.133333333333334,7.133333333333334,DRA005871 / DRA005872 / DRA005873 / DRA008908,Nagano / Honjo et al,Grown in wild,Illumina HiSeq 2000 SE 50bp,9.8,6.4,0.8,0.5,45377.4
381,WS2013_095,2013,12,26,14,7.133333333333334,7.133333333333334,DRA005871 / DRA005872 / DRA005873 / DRA008908,Nagano / Honjo et al,Grown in wild,Illumina HiSeq 2000 SE 50bp,9.8,6.4,0.8,0.5,0
382,WS2013_096,2013,12,26,14,7.133333333333334,7.133333333333334,DRA005871 / DRA005872 / DRA005873 / DRA008908,Nagano / Honjo et al,Grown in wild,Illumina HiSeq 2000 SE 50bp,9.8,6.4,0.8,0.5,130590.1